Last Name,First Name,City,State,StateAbbr,No. of Shares,City/State,Tableau Names,
Cummings,W.A.,Darien,Connecticut,CT,415,"Darien, CT",W. Cummings,M
Beard,Eli,New Haven,Connecticut,CT,415,"New Haven, CT",E. Beard,M
Beard,Sylvester M.,New Haven,Connecticut,CT,415,"New Haven, CT",S. Beard,M
Bristol,Wm.B.,New Haven,Connecticut,CT,207,"New Haven, CT",W. Bristol,M
Bushnell,C.S.,New Haven,Connecticut,CT,2866,"New Haven, CT",C. Bushnell,M
Davies,John M.,New Haven,Connecticut,CT,625,"New Haven, CT",J. Davies,M
Foster,Pierpont B.,New Haven,Connecticut,CT,207,"New Haven, CT",P. Foster,M
Hotchkiss,Henry,New Haven,Connecticut,CT,622,"New Haven, CT",H. Hotchkiss,M
Peck,Nathan,New Haven,Connecticut,CT,415,"New Haven, CT",N. Peck,M
Sandford,Henry,New Haven,Connecticut,CT,518,"New Haven, CT",H. Sandford,M
Trowbridge,Ezekiel H.,New Haven,Connecticut,CT,207,"New Haven, CT",E. Trowbridge,M
Trowbridge,Henry,New Haven,Connecticut,CT,311,"New Haven, CT",H. Trowbridge,M
White,Mrs. Emily Frances,New Haven,Connecticut,CT,120,"New Haven, CT",E. White,F
Hazard,Rowland?,Newport,Connecticut,CT,1962,"Newport, CT",R. Hazard,M
McComb?,H.S.,Wilmington,Delaware,DE,4832,"Wilmington, DE",H. McComb,M
Ten Havre & Van Essen,,Amsterdam,Holland,,20,"Amsterdam, Holland",Ten Havre & Van Essen,Co.
Tracey,John F.,Chicago,Illinois,IL,200,"Chicago, IL",J. Tracey,M
Grimes,James W.,Burlington,Iowa,IA,2077,"Burlington, IO",J. Grimes,M
Dodge,Mrs. Anna,Council Bluffs,Iowa,IA,635,"Council Bluffs, IO",A. Dodge,F
Cook,Ebenezer,Davenport,Iowa,IA,1100,"Davenport, IO",E. Cook,M
Cook,Clarissa C.,Davenport,Iowa,IA,311,"Davenport, IO",C. Cook,F
Ames,Oakes (Trustee),Boston,Massachusetts,MA,1279,"Boston, MA",O. Ames (Trustee),M
Andrews,Frank W.,Boston,Massachusetts,MA,415,"Boston, MA",F. Andrews,M
Atkins,Elisha,Boston,Massachusetts,MA,3204,"Boston, MA",E. Atkins,M
Baker,Ezra H.,Boston,Massachusetts,MA,3350,"Boston, MA",E. Baker,M
Baker,Ezra H. Jr.,Boston,Massachusetts,MA,207,"Boston, MA","E. Baker, Jr.",M
Bardwell,Josiah,Boston,Massachusetts,MA,3264,"Boston, MA",J. Bardwell,M
Bardwell,Josiah (Trustee),Boston,Massachusetts,MA,1445,"Boston, MA",J. Bardwell (Trustee),M
Bates,Benj E.  ,Boston,Massachusetts,MA,3075,"Boston, MA",B. Bates,M
Bates,"Benj. E., Trustee for Mrs. L. E. Nourse",Boston,Massachusetts,MA,231,"Boston, MA",B. Bates (Trustee for Mrs. L.E. Nourse),M
Bradford,Gamaliel,Boston,Massachusetts,MA,415,"Boston, MA",G. Bradford,M
Duff,John,Boston,Massachusetts,MA,2000,"Boston, MA",J. Duff,M
Duff,John R.,Boston,Massachusetts,MA,8302,"Boston, MA",J.R. Duff,M
Fessenden,Sewall,Boston,Massachusetts,MA,207,"Boston, MA",S. Fessenden,M
Forbes,W. D.,Boston,Massachusetts,MA,200,"Boston, MA",W. Forbes,
Gilbert,Horatio,Boston,Massachusetts,MA,1018,"Boston, MA",H. Gilbert,M
Gilbert,Horatio L.,Boston,Massachusetts,MA,678,"Boston, MA",H.L. Gilbert,M
Gilmore ,E.W.,Boston,Massachusetts,MA,822,"Boston, MA",E. Gilmore,M
Glidden,W.T.,Boston,Massachusetts,MA,3843,"Boston, MA",W. Glidden,
Hobart,Aaron Jr.,Boston,Massachusetts,MA,103,"Boston, MA",A. Hobart,M
Hooper,Samuel & Co.,Boston,Massachusetts,MA,4112,"Boston, MA",S. Hooper & Co.,Co.
Jordan,B.S.,Boston,Massachusetts,MA,2000,"Boston, MA",B. Jordan,
Nickerson,Frederick,Boston,Massachusetts,MA,1537,"Boston, MA",F. Nickerson,M
Nickerson,Joseph  ,Boston,Massachusetts,MA,2077,"Boston, MA",J. Nickerson,M
Nickerson,Thomas,Boston,Massachusetts,MA,625,"Boston, MA",T. Nickerson,M
Robbins,Royal E.,Boston,Massachusetts,MA,1445,"Boston, MA",R. Robbins,
Skinner,F.T. Co.,Boston,Massachusetts,MA,987,"Boston, MA",Skinner F.T. Co,Co.
Skinner,F.T. Co. Trustees,Boston,Massachusetts,MA,1037,"Boston, MA",Skinner F.T. Co (Trustee),Co.
Thatcher,Isaac  ,Boston,Massachusetts,MA,381,"Boston, MA",I. Thatcher,M
Williams,J.M.,Boston,Massachusetts,MA,3881,"Boston, MA",J. Williams,
Chapman,Oliver S.,Canton,Massachusetts,MA,2333,"Canton, MA",O. Chapman,M
Alley,John B.,Lynn,Massachusetts,MA,2203,"Lynn, MA",J. Alley,M
Stetson,Thos. M.,New Bedford,Massachusetts,MA,124,"New Bedford, MA",T. Stetson,M
Ames,Oliver,North Easton,Massachusetts,MA,25673,"North Easton, MA",O. Ames,M
Ames,Oakes,North Easton,Massachusetts,MA,10754,"North Easton, MA",O. Ames,M
King,John L.,Springfield,Massachusetts,MA,490,"Springfield, MA",J. King,M
Kountz,Augustus,Omaha,Nebraska,NE,400,"Omaha, NE",A. Kountz,M
McCormick,John,Omaha,Nebraska,NE,200,"Omaha, NE",J. McCormick,M
McPherson,Wm.F.,Omaha,Nebraska,NE,500,"Omaha, NE",W. McPherson,M
Swasey,W.J.,Omaha,Nebraska,NE,200,"Omaha, NE",W. Swasey,
Bates,"Benj. E, Tres. of Trustees",New York,New York,NY,422,"New York City, NY",B. Bates (Tres. Of Trustees),M
Bell,Clark,New York,New York,NY,10,"New York City, NY",C. Bell,M
Blood,Henry,New York,New York,NY,29,"New York City, NY",H. Blood,M
Cisco,John J.,New York,New York,NY,505,"New York City, NY",J. Cisco,M
Crane,Henry C.,New York,New York,NY,327,"New York City, NY",H. Crane,M
Crane,"Henry C., Trustee for W.D. Train",New York,New York,NY,956,"New York City, NY",H. Crane (Trustee for W.D. Train),M
Crane,J.J.,New York,New York,NY,5000,"New York City, NY",J. Crane,
Crane,H.C. Trustee,New York,New York,NY,900,"New York City, NY",H. Crane (Trustee),
Dillon,Sidney,New York,New York,NY,5420,"New York City, NY",S. Dillon,M
Durant,W.F.,New York,New York,NY,500,"New York City, NY",W. Durant,
Durant,Thos. C.,New York,New York,NY,31339,"New York City, NY",T. Durant,M
Eustis,W. F.,New York,New York,NY,10,"New York City, NY",W. Eustis,
Fisk,James Jr.,New York,New York,NY,6,"New York City, NY",J. Fisk,M
French,L. Eugene,New York,New York,NY,55,"New York City, NY",L. French,
Gray,H. Winthrop,New York,New York,NY,333,"New York City, NY",H. Gray,
Gray,Griswold G.,New York,New York,NY,8130,"New York City, NY",G. Gray,M
Gruwell,Moses H.,New York,New York,NY,10000,"New York City, NY",M. Gruwell,M
Hedden,Josiah,New York,New York,NY,615,"New York City, NY",J. Hedden,M
Holliday,Benj.,New York,New York,NY,4112,"New York City, NY",B. Holliday,M
Johnston,James B.,New York,New York,NY,830,"New York City, NY",J. Johnston,M
Jones,David,New York,New York,NY,2077,"New York City, NY",D. Jones,M
Lambard,Chas A.,New York,New York,NY,3850,"New York City, NY",C. Lambard,M
Lockwood,LeGrand,New York,New York,NY,2075,"New York City, NY",L. Lockwood,M
Low,A.A.,New York,New York,NY,415,"New York City, NY",A. Low,
Macy,W.H.,New York,New York,NY,1745,"New York City, NY",W. Macy,
McCormick,C.H.,New York,New York,NY,5171,"New York City, NY",C. McCormick,
Moore,E.C.,New York,New York,NY,42,"New York City, NY",E. Moore,
Neilson,Chas H.,New York,New York,NY,822,"New York City, NY",C. Neilson,M
Opdyke,George,New York,New York,NY,3885,"New York City, NY",G. Opdyke,M
Pigot,Joseph B.,New York,New York,NY,722,"New York City, NY",J. Pigot,M
Richardson,Joseph,New York,New York,NY,360,"New York City, NY",J. Richardson,M
Robbins,Henry A.,New York,New York,NY,415,"New York City, NY",H. Robbins,M
Smith,J.N.,New York,New York,NY,1680,"New York City, NY",J. Smith,M
Tuttle,Chas,New York,New York,NY,220,"New York City, NY",C. Tuttle,M
Waite,C.C.,New York,New York,NY,382,"New York City, NY",C. Waite,M
Williams & Guion,,New York,New York,NY,500,"New York City, NY",Williams & Guion,
Williams & Guion,,New York,New York,NY,1000,"New York City, NY",Williams & Guion,
Zbrouskie,Martin,New York,New York,NY,315,"New York City, NY",M. Zbrouskie,M
Boyer,B.M.,Norristown,Pennsylvania,PA,411,"Norristown, PA",B. Boyer,
Boyer,"B.M., Trustee for Mrs. B.M. Boyer",Norristown,Pennsylvania,PA,87,"Norristown, PA",B. Boyer (Trustee for Mrs. B.M. Boyer),
Barnes,Oliver W.,Philidelphia,Pennsylvania,PA,47,"Philadelphia, PA",O. Barnes,M
Credit Mobilier of America,,Philidelphia,Pennsylvania,PA,1870,"Philadelphia, PA",Credit Mobilier of America,
Jenks,Barton H.,Philidelphia,Pennsylvania,PA,1740,"Philadelphia, PA",B. Jenks,M
McNeil,R.G.S.,Philidelphia,Pennsylvania,PA,20,"Philadelphia, PA",R. McNeil,
Meyer,E. Reed,Philidelphia,Pennsylvania,PA,30,"Philadelphia, PA",E. Meyer,
Scranton,J.H.,Scranton,Pennsylvania,PA,10,"Scranton, PA",J. Scranton,
Hazard,Anna,Newport,Rhode Island,RI,83,"Newport, RI",A. Hazard,F
Hazard,Elizabeth,Newport,Rhode Island,RI,140,"Newport, RI",E. Hazard,F
Hazard,"Elizabeth, Trustee",Newport,Rhode Island,RI,53,"Newport, RI",E. Hazard (Trustee),F
Hazard,Isaac P.,Newport,Rhode Island,RI,2077,"Newport, RI",I. Hazard,M
Hazard,Mary P.,Newport,Rhode Island,RI,41,"Newport, RI",M. Hazard,F
Horner,Anna,Newport,Rhode Island,RI,3,"Newport, RI",A. Hordner,F
Torrey,Lydia,Newport,Rhode Island,RI,45,"Newport, RI",L. Torrey,F
Vernon,Sophia,Newport,Rhode Island,RI,3,"Newport, RI",S. Vernon,F
Hazard,Roland G.,Peacedale,Rhode Island,RI,9516,"Newport, RI",R. Hazard,M
Young,Brigham,Salt Lake,Utah,UT,5000,"Salt Lake City, UT",B. Young,M
Charlick,Oliver,,,,9,,O. Charlick,M
Guest,W.A.,,,,700,,W. Guest,
Ham,Benj. F.,,,,61,,B. Ham,M
Haskins,Ira,,,,25,,I. Haskins,
Hawley,M.C.,,,,50,,M. Hawley,
Hawley,M.N.,,,,50,,M.N. Hawley,
Hough,B.R.,,,,157,,B. Hough,
Kennedy,G.W.,,,,610,,G. Kennedy,
Martin,Henry,,,,4,,H. Martin,M
Stevens,"W.B., Trustee",,,,158,,W. Stevens,
