TRANS_ID,buyer1,seller1,slave,address_bu,address_se,slave_age,SLAVE_GEN,BRAZIL_BOR,creole_,PARDA,PRETA,slave_pric,SLAVE_OCC,MOTHER_CHI,XX_to_XX,XX_toXY,WOMAN_SELL,XY_to_XX_,XY_XY,SAME_BUYER,MULTIPLE_S,BUY_NBRHD,SELL_NBRHD,CHANGE_NBR,EUCLID_DIS,x1,y1,x_sell,y_sell,OUT_BUY_LO,OUT_SELL_L,ALREADYHV,CODE,Month,Day,Year,DATE1
4,srs.guimaraes & coral,benedicto costa,pedro,8 ld joao homem,macahe,50,0,0,0,0,1,,,0,0,0,0,0,0,,0,0,0,0,,686543.6236,7466668.6000,0.0000,0.0000,,macahe,1,1047,5,3,1869,03/05/1869
49,lima & ramos,jose tavares ferreirinha,carimandro,1 r sete setembro,112 r s pedro,40,0,1,1,0,1,,,0,0,0,0,0,0,,0,754,1134,-380,585,687099.2562,7465957.7443,686585.9728,7466238.3128,,,0,586,3,5,1869,05/03/1869
50,fructuoso rodrigues condo,miguel avellar,cesaria,97 r direita,97 r direita,39,1,1,1,0,1,,,0,0,0,0,0,0,,0,4014,4014,0,0,686973.9882,7466413.1449,686973.9882,7466413.1449,,,0,1101,4,8,1869,08/04/1869
51,miquelina roza de mendonca quintanilha,miguel jose simoes,miquelina,1 r espirito santo,porto caixas,18,1,1,1,1,0,,,0,0,0,0,0,0,,0,756,0,0,,686423.9275,7465595.8715,0.0000,0.0000,,porto caixas,1,581,4,10,1869,10/04/1869
55,pedro jose da costa pimentel,rua ajuda 189  gurupy,jacob,189 r ajuda,68 r formosa,58,0,1,1,0,1,,pedreiro,0,0,0,0,0,1,,0,986,903,83,1786,687134.3587,7465164.5669,685403.7699,7465606.9079,,,0,743,4,9,1869,09/04/1869
56,pedro jose da costa pimentel,anna valentina silva,bernarda,30 r conceicao,189 r ajuda,24,1,1,1,0,0,,,0,0,0,1,0,0,,0,1385,986,399,1061,686432.2951,7465960.6397,687134.3587,7465164.5669,,,0,861,4,8,1869,08/04/1869
59,salustiano de barros e albuquerqu,jose luis silva ratto,luiza,106 r ajuda,55 r direita,24,1,1,1,1,0,,,0,0,0,0,0,1,,0,688,3249,-2561,903,687026.2178,7465360.7073,687022.2456,7466264.1175,,,0,619,4,9,1869,09/04/1869
60,manoel joaquim barbosa,antonio oliveira soares,joanna,78 r alfandega,11 r theatro,34,1,1,1,0,1,,,0,0,0,0,0,0,,0,1215,1025,190,428,686716.5925,7466152.9673,686531.1988,7465767.1636,,,0,1037,4,8,1869,08/04/1869
61,antonio rodrigues de amorim,joao  oliveira santos & sobrinho,mamede,38 r constituicao,maranhao,45,0,0,0,0,1,,,0,0,0,0,0,0,,0,957,0,0,,686140.9763,7465641.7990,0.0000,0.0000,,maranhao,1,901,4,8,1869,08/04/1869
63,jose maria dos santos carneiro,jacob abraham,protesto,11 r violas,juis fora,14,0,1,1,0,1,,,0,0,0,0,0,0,,0,2386,0,0,,686921.4757,7466425.9568,0.0000,0.0000,,juis fora,1,633,4,10,1869,10/04/1869
64,jose avelino da silva braga & cia,francisco soares leite marques,chrispim,45 r s bento,valenca,25,0,1,1,0,1,,,0,0,0,0,0,0,,1115,1896,0,0,,686617.9953,7466627.9639,0.0000,0.0000,,valenca,1,1115,4,6,1869,06/04/1869
65,jose avelino da silva braga & cia,francisco soares leite marques,severino,45 r s bento,valenca,30,0,1,0,1,1,,,0,0,0,0,0,0,,1115,1896,0,0,,686617.9953,7466627.9639,0.0000,0.0000,,valenca,1,1115,4,6,1869,06/04/1869
71,joao antonio  oliveira bastos,antonio jose pereira guimaraes,gertrudes,62 r direita idem,24 r s jose,27,1,1,1,0,0,,,0,0,0,0,0,0,,0,3547,1367,2180,504,687014.9720,7466319.8442,687167.0318,7465839.4499,,,0,1000,4,10,1869,10/04/1869
74,manoel joaquim alves da rocha,antonio luis pinto,henriqueta,84 r conde d eu,14 r invalidos,28,1,1,1,0,1,,,0,0,0,0,0,0,,0,671,841,-170,763,685351.3719,7465220.2303,686114.4888,7465239.3372,,,0,1067,4,9,1869,09/04/1869
77,amelia carolina  almeida,maria izabel vieira de mello,maria,55 r riachuelo,54 r santa lusia,19,1,1,0,1,0,,,0,0,0,0,0,0,,0,793,573,220,1797,685611.8731,7464854.9901,687360.9048,7465267.5565,,,0,975,4,9,1869,09/04/1869
79,barao de bambuy,joaquim pires farinha,maria,60 r invalidos,nictheroy,40,1,0,0,0,1,,,0,0,0,0,0,0,,0,998,0,0,,686152.7124,7465121.9268,0.0000,0.0000,,nictheroy,1,994,4,10,1869,10/04/1869
80,jacintho marques da fonseca lemos,francisco luiz ferreira e mattos,caetana,81 r pescadores,angra reis,25,1,1,1,0,1,,,0,0,0,0,0,0,,0,1130,0,0,,686667.1071,7466394.0352,0.0000,0.0000,,angra reis,1,1059,4,10,1869,10/04/1869
87,maria carolina da silva matta,francisco jose ferra,belisaria,17 r nuncio,55 r carmo,40,1,1,1,1,0,,,0,0,0,0,1,0,,0,1066,1905,-839,1076,686061.9250,7465617.4390,687057.5493,7466025.3091,,,0,724,4,9,1869,09/04/1869
89,srs.lopes & irmaos,antonio cardoso carvalho,manoel,2 t paco,campo grande,40,0,1,1,0,1,,,0,0,0,0,0,0,,0,740,0,0,,687304.4471,7465971.9000,0.0000,0.0000,,campo grande,1,768,4,22,1869,22/04/1869
111,domingos joaquim bernardes,antonio alves moreira,benedicto,116 pr botafogo,nictheroy,40,0,0,0,0,1,,,0,0,0,0,0,0,,0,0,0,0,,686335.9928,7461204.2781,0.0000,0.0000,,nictheroy,1,641,2,25,1869,25/02/1869
117,pedro goncalves telmo leit,antonio jose asevedo,antonina,4 r hospicio,43 r barbonos,15,1,1,1,1,0,,,0,0,0,0,0,1,,0,2455,1023,1432,1217,687041.7371,7466208.3816,686757.1253,7465025.2659,,,0,916,3,13,1869,13/03/1869
119,joao da cruz santos,antonio lourenco goncalves sousa,roza,7 r rio comprido,56 r d manoel,26,1,1,1,0,0,,,0,0,0,0,0,0,,0,0,958,0,4440,683865.8990,7463250.6277,687490.8270,7465814.6412,,,0,1018,5,4,1869,04/05/1869
121,manoel martins nogueira,baldoino jose coelho,manoel,21 r sabao,4 r real grandesa,24,0,1,1,0,1,,cosinheiro,0,0,0,0,0,0,,0,2838,0,0,3445,686921.5899,7466270.3347,685063.9986,7460916.5384,,,0,787,3,22,1869,22/03/1869
122,jose jacintho correa,baptista & carneiro,cesaria,37 r quitanda,37 r misericordia,31,1,1,1,0,1,,servico domestico,1,0,0,0,0,0,,895,1887,978,909,384,687022.0666,7465924.0636,687381.6194,7465788.2774,,,0,895,1,19,1869,19/01/1869
123,jose jacintho correa,baptista & carneiro,josephina,37 r quitanda,37 r misericordia,4,1,1,1,0,0,,,2,0,0,0,0,0,,895,1887,978,909,384,687022.0666,7465924.0636,687381.6194,7465788.2774,,,0,895,1,19,1869,19/01/1869
124,joao francisco velho,barao,justina,193 r quitanda,aparecida,26,1,1,1,0,1,,,0,0,0,0,0,0,,0,2182,0,0,,686772.3887,7466521.1833,0.0000,0.0000,,aparecida,1,750,5,5,1869,05/05/1869
127,emilia duque estrada castro,barao do pillar,leonel,187 r cattete,freguesia pillar,50,0,1,1,0,1,,,0,0,0,0,0,0,,738,0,0,0,,686947.9230,7463289.9926,0.0000,0.0000,,freguesia pillar,1,738,4,6,1869,06/04/1869
128,emilia duque estrada castro,barao do pillar,domingas,187 r cattete,freguesia pillar,30,1,1,1,0,1,,,0,0,0,0,0,0,,738,0,0,0,,686947.9230,7463289.9926,0.0000,0.0000,,freguesia pillar,1,738,4,6,1869,06/04/1869
133,candido barata ribeiro,bento jose cabrera,amelia,6 r s bento,50 r ourives,20,1,1,1,0,1,,,0,0,0,0,0,0,,0,1661,2311,-650,664,686758.7322,7466562.3301,686899.0119,7465912.8127,,,0,989,4,28,1869,28/04/1869
138,antonio jose da silva,bernardino jose silva,pedro,173 pr saco,2 r cunha,50,0,0,0,0,1,,,0,0,0,0,0,0,,0,847,655,192,1947,684430.3496,7466450.0172,685081.5190,7464615.1468,,,1,728,3,23,1869,23/03/1869
139,rodrigo teixeira da motta,bernardino jose goncalves bastos,felicidade,83 r saude,porto caixas,25,1,1,1,0,1,,,0,0,0,0,0,0,,0,0,0,0,,685599.4600,7466729.4072,0.0000,0.0000,,porto caixas,1,1065,3,19,1869,19/03/1869
140,drumond & cia,bernardino rodrigues barcellos,jacob,77 r direita,219 r ourives,27,0,1,1,0,1,,,0,0,0,0,0,0,,0,3088,985,2103,445,686996.7839,7466334.3701,686553.0374,7466373.0093,,,0,1032,3,9,1869,09/03/1869
150,antonio jose de freitas,c j harrah,henriqueta,126 r ajuda,5 r marques abrantes,36,1,0,0,0,0,,,0,0,0,0,0,0,,0,820,0,0,2220,687184.1496,7465056.1665,687072.6838,7462290.9706,,,0,661,3,6,1869,06/03/1869
152,manoel jose rodrigues torres,camillo jose dos santos,francisca,9 r lusia,capivary,40,1,1,1,0,0,,,0,0,0,0,0,0,,0,615,0,0,,686979.0913,7464116.1252,0.0000,0.0000,,capivary,1,1080,3,27,1869,27/03/1869
153,delphim ribeiro de abreu,candido brandao de souza barros,marciano,9 r s jose,12 t s francisco,16,0,1,1,0,1,,,0,0,0,0,0,0,,0,1161,869,292,1253,687224.4980,7465867.7807,686249.6060,7466654.6801,,,1,1085,4,2,1869,02/04/1869
163,jose antonio gomes brandao,luis antonio machado rosas,claudina,124 r quitanda,10 r s jorge,18,1,1,1,0,1,,,0,0,0,0,0,1,,0,2838,977,1861,788,686889.4924,7466230.8399,686273.0072,7465740.8008,,,0,655,3,22,1869,22/03/1869
168,alexandrina bristol mornan,carlos augusto eugenio do santo euguenia eugenia silva,catharina,29 r goncalves dias,ilha cobras,18,1,1,1,0,1,,,0,0,0,0,0,0,,0,977,0,0,,686791.4050,7465801.1898,0.0000,0.0000,,ilha cobras,1,848,4,8,1869,08/04/1869
169,jose pereira rego,carlos gomes araujo,roza,118 r lavradio,139 r ouvidor,35,1,1,1,1,0,,,0,0,0,0,0,0,,0,1071,977,94,842,686403.0300,7465122.9930,686715.1913,7465905.0930,,,0,644,2,20,1869,20/02/1869
170,carlos machado & cia,carlos greaves,dionizio,7 r benedictinos,bahia,26,0,1,1,0,1,,,0,0,0,0,0,0,,0,1657,0,0,,686628.7623,7466526.2620,0.0000,0.0000,,bahia,1,1016,4,6,1869,06/04/1869
171,bernardo domingos silva araujo,carlos teixeira leite,theodoro,4 r municipal,8 r cattete,38,0,0,0,0,1,,,0,0,0,0,0,0,,0,1896,204,1692,2740,686674.8479,7466587.6481,686926.4215,7463859.5129,,,0,920,5,5,1869,05/05/1869
176,ismael felix da silva,cassio antonio costa pereira,eugenia,nictheroy,12 r silva manoel,23,1,1,1,0,1,,,1,0,0,0,0,0,,510,0,756,0,,0.0000,0.0000,685991.2403,7464614.7567,nictheroy,,1,510,3,18,1869,18/03/1869
177,ismael felix da silva,cassio antonio costa pereira,amalia,nictheroy,12 r silva manoel,5,1,1,1,0,0,,,2,0,0,0,0,0,,510,0,756,0,,0.0000,0.0000,685991.2403,7464614.7567,nictheroy,,1,510,3,18,1869,18/03/1869
178,roza luiza de jesus,accacio goncalves barreiros,felicidade,28 r catumbi,266 r alfandega,44,1,0,0,0,1,,,0,0,0,0,0,0,,0,655,685,-30,1806,685124.9616,7464504.4652,686181.8208,7465969.0268,,,0,841,2,13,1869,13/02/1869
186,francisco eugenio de azevedo,jose bernardino teixeira,antonio,147 r direita,147 r conde d eu,13,0,1,1,0,1,,,0,0,0,0,0,1,,0,1594,545,1049,2398,686937.2653,7466577.8061,685112.3901,7465022.2118,,,0,692,2,25,1869,25/02/1869
188,carlos antonio gomes,conde de bomfim,justino,36 r rio comprido,10 r pescadores,40,0,0,0,0,0,,,0,0,0,0,0,0,,0,792,2123,-1331,4147,683776.2104,7463725.6763,686880.1509,7466476.1161,,,0,892,4,23,1869,23/04/1869
191,maria carolina telles barreto de menezes,bernardo de souza franco,roque,325 r s pedro,botafogo,8,0,1,0,1,0,,,0,0,0,0,0,0,,0,687,0,0,,685967.2890,7466011.7776,0.0000,0.0000,,botafogo,1,874,3,4,1869,04/03/1869
193,manoel nunes pires,domiciano leite ribeiro,maria,110 r saude,vassouras,30,1,1,1,0,1,,,0,0,0,0,0,0,,0,0,0,0,,685532.2055,7466780.4889,0.0000,0.0000,,vassouras,1,637,3,9,1869,09/03/1869
195,comendador jeronymo jose de mesquita,joaquim pereira faria,estevao,60 r pescadores,10 r pescadores,39,0,1,1,0,0,,,0,0,0,0,0,1,,996,1503,2123,-620,160,686727.4637,7466427.6444,686880.1509,7466476.1161,,,0,996,3,22,1869,22/03/1869
196,comendador jeronymo jose de mesquita,joaquim pereira de faria,bonifacio,60 r pescadores,10 r pescadores,41,0,1,1,0,0,,,0,0,0,0,0,0,,996,1503,2123,-620,160,686727.4637,7466427.6444,686880.1509,7466476.1161,,,0,996,3,22,1869,22/03/1869
197,comendador jeronymo jose de mesquita,joaquim pereira faria,braz,60 r pescadores,10 r pescadores,41,0,0,0,0,1,,,0,0,0,0,0,1,,996,1503,2123,-620,160,686727.4637,7466427.6444,686880.1509,7466476.1161,,,0,996,3,22,1869,22/03/1869
198,comendador jeronymo jose de mesquita,joaquim pereira de faria,jose,60 r pescadores,10 r pescadores,46,0,0,0,0,1,,,0,0,0,0,0,0,,996,1503,2123,-620,160,686727.4637,7466427.6444,686880.1509,7466476.1161,,,0,996,3,22,1869,22/03/1869
199,comendador jeronymo jose de mesquita,joaquim pereira faria,jordao,60 r pescadores,10 r pescadores,51,0,0,0,0,1,,,0,0,0,0,0,1,,996,1503,2123,-620,160,686727.4637,7466427.6444,686880.1509,7466476.1161,,,0,996,3,22,1869,22/03/1869
200,comendador jeronymo jose de mesquita,joaquim pereira de faria,januaria,60 r pescadores,10 r pescadores,51,1,0,0,0,1,,,0,0,0,0,0,0,,996,1503,2123,-620,160,686727.4637,7466427.6444,686880.1509,7466476.1161,,,0,996,3,22,1869,22/03/1869
201,comendador jeronymo jose de mesquita,joaquim pereira faria,marianna,60 r pescadores,10 r pescadores,46,1,0,0,0,0,,,0,0,0,0,0,1,,996,1503,2123,-620,160,686727.4637,7466427.6444,686880.1509,7466476.1161,,,0,996,3,22,1869,22/03/1869
202,comendador jeronymo jose de mesquita,joaquim pereira de faria,jacob,60 r pescadores,10 r pescadores,10,0,1,1,0,1,,,0,0,0,0,0,0,,996,1503,2123,-620,160,686727.4637,7466427.6444,686880.1509,7466476.1161,,,0,996,3,22,1869,22/03/1869
203,comendador jeronymo jose de mesquita,joaquim pereira faria,silvino,60 r pescadores,10 r pescadores,28,0,1,1,0,1,,,0,0,0,0,0,1,,996,1503,2123,-620,160,686727.4637,7466427.6444,686880.1509,7466476.1161,,,0,996,3,22,1869,22/03/1869
204,maria airoza peixoto,manoel pinto de souza dantas,fermina,69 r lavradio,bahia,30,1,1,1,0,0,,,1,0,0,0,0,0,,1011,858,0,0,,686415.5476,7465124.3807,0.0000,0.0000,,bahia,1,1011,3,8,1869,08/03/1869
205,maria airoza peixoto,manoel pinto de souza dantas,herculano,69 r lavradio,bahia,4,0,1,1,0,0,,,2,0,0,0,0,0,,1011,858,0,0,,686415.5476,7465124.3807,0.0000,0.0000,,bahia,1,1011,3,8,1869,08/03/1869
207,domingos antonio de goes pacheco,agostinha garcia beserra,fortunato,27 r pescadores,54 r harmonia,36,0,0,0,0,1,,,0,0,0,1,0,0,,0,2228,0,0,1653,686839.7018,7466448.8323,685232.6279,7466836.4789,,,0,833,5,3,1869,03/05/1869
208,bernardo domingos da silva araujo,alexandrina maria da conceicao,carlota,4 r municipal,21 r bemfica,38,1,0,0,0,1,,,0,0,0,1,0,0,,0,1896,0,0,4605,686674.8479,7466587.6481,680269.6670,7467529.3414,,,0,919,4,28,1869,28/04/1869
214,joao goncalves,anna silva valente,michael,1 r relacao,47 r senado a,40,0,0,0,0,1,,,0,0,0,1,0,0,,0,1071,841,230,470,686339.6233,7465277.8918,685869.1287,7465275.6731,,,0,584,3,8,1869,08/03/1869
217,manoel de carvalho xavier,anna rosa jesus,christina,27 r s jorge,218 r hospicio,15,1,1,1,1,0,,,0,0,0,1,0,0,,0,875,839,36,188,686257.5840,7465791.2027,686387.8949,7465926.7454,,,0,835,3,12,1869,12/03/1869
221,manoel de castro guimaraes,arminda frias carriere,henriqueta,72 r sabao,27 r senado,42,1,0,0,0,1,,,0,0,0,1,0,0,,0,2240,887,1353,1013,686746.1516,7466226.7352,686199.0462,7465373.9022,,,0,1027,4,23,1869,23/04/1869
223,sr.comendador joaquim jose de novaes da silva guimaraes,benedicta maria conceicao,maria,103 r hospicio,11 pc junho,35,1,0,0,0,1,,,0,0,0,1,0,0,,0,1280,615,665,1550,686661.8709,7466028.3541,685150.9702,7465680.8902,,,0,611,2,18,1869,18/02/1869
224,deolinda fernandes,bibiana joaquina da cunha ribeiro feijo,roza,162 r prainha,73 r bom jardim,32,1,0,0,0,1,,,0,0,0,1,0,0,,0,609,466,143,1637,686249.3284,7466284.8506,684862.2944,7465416.2331,,,0,714,4,20,1869,20/04/1869
225,maria de sao jose da cruz,carlota joaquina breckenfeld vieira da silva,martha,340 r alfandega,pernambuco,21,1,1,1,0,1,,,0,0,0,1,0,0,,0,745,0,0,,686035.8900,7465907.9708,0.0000,0.0000,,pernambuco,1,880,3,20,1869,20/03/1869
227,joao manoel goncalves vieira,carolina leopoldina castro guedes,roza,101 r pescadores,21 r s pedro cidade nova,40,1,0,0,0,1,,servico domestico,0,0,0,1,0,0,,0,1130,651,479,1246,686615.9185,7466371.4502,685478.5387,7465861.4404,,,0,604,1,19,1869,19/01/1869
228,domingos ferreira pinto,carolina leopoldina de sa barreto,concordia,19 r s pedro,bahia,20,1,1,1,0,1,,,0,0,0,1,0,0,,0,1695,0,0,,686916.2071,7466332.9818,0.0000,0.0000,,bahia,1,745,4,27,1869,27/04/1869
230,veador jose joaquim de lima e silva sobrinho,carolina maria da conceicao,maria,83 r s cristovao,santo antonio jacutinga,26,1,1,1,0,1,,,0,0,0,1,0,0,,0,758,0,0,,683071.7860,7465306.9804,0.0000,0.0000,,santo antonio jacutinga,1,1064,3,9,1869,09/03/1869
231,antonio rodrigues vieira,carolina maria cunha,innocencia,94 pr botafogo,3 r olinda,5,1,0,0,0,1,,,0,0,0,1,0,0,,0,0,0,0,0,686338.9052,7461403.6113,686366.4354,7461893.4393,,,0,1092,3,9,1869,09/03/1869
232,carolina martins de carvalho,carolina maria da cunha,sophia,63 r hospicio,3 r olinda,2,1,1,1,0,1,,,0,0,0,1,0,0,,0,2630,0,0,3271,686782.7537,7466081.5766,686366.4354,7461893.4393,,,0,1002,3,9,1869,09/03/1869
248,nicolao alves pereira,emilia rita,afra,164 r sabao,164 r sabao,18,1,1,1,1,0,,,0,0,1,1,0,0,,0,987,987,0,0,686415.0497,7466112.1710,686415.0497,7466112.1710,,,0,716,3,18,1869,18/03/1869
249,romualda maria da gloria,ermelinda luiza barbosa,bernardina,182 r hospicio,110 r prainha,12,1,1,1,1,0,,,0,0,0,1,0,0,,0,1385,804,581,437,686500.0380,7465973.5485,686491.9830,7466410.9395,,,0,735,3,16,1869,16/03/1869
250,lourenco januario dos santos,eugenia stofferd,faustina,40 r d manoel,5 ld paula mattos,40,1,0,0,0,1,,,0,0,0,1,0,0,,0,978,545,433,2461,687428.7542,7465849.2730,685126.0181,7464980.9991,,,1,924,4,26,1869,26/04/1869
253,joao de barros godinho,flora godinho mello,pedro,142 r riachuelo,63 r santo amaro caju,44,0,0,0,0,1,,,0,0,1,1,0,0,,0,1127,0,0,1138,685755.1700,7464778.5670,686444.4126,7463873.2376,,,0,688,3,22,1869,22/03/1869
254,antonio ferreira francisco,flora godinho mello,benedicta,35 r lavradio,24 r s januario a,40,1,0,0,0,1,,,0,0,0,1,0,0,,0,858,0,0,4045,686305.6553,7465405.6567,682568.6650,7466955.1311,,,0,885,3,8,1869,08/03/1869
256,luis goncalves carneiro,francisca candida chagas mello,umbelina,62 r misericordia,39 r barbonos a,18,1,1,1,0,1,,,0,0,1,1,0,0,,0,962,1023,-61,955,687348.3007,7465788.2199,686763.9084,7465032.8566,,,0,1001,3,9,1869,09/03/1869
267,antonio jose da silva ribeiro,francisca maria monteiro boom,maria,69 r s clemente,12 r olinda b,26,1,1,0,1,0,,,0,0,0,1,0,0,,0,0,0,0,0,685472.5445,7461095.4685,686399.4915,7461881.5019,,,0,1012,3,31,1869,31/03/1869
269,jose luis mendes,francisca rosa jesus,josephina,27 r resende,232 r hospicio,22,1,1,1,1,0,,,0,0,1,1,0,0,,0,1009,839,170,915,686216.8862,7465009.0585,686355.5984,7465913.1135,,,0,834,4,23,1869,23/04/1869
271,francisco de paula palhares,gabriella franca ferreira lima,emilia,191 r cattete,inhomirim,17,1,1,1,0,1,,,0,0,0,1,0,0,,0,0,0,0,,686927.9544,7463240.5774,0.0000,0.0000,,inhomirim,1,747,3,16,1869,16/03/1869
272,gaspar fernandes da silva,galdina rangel espirito santo,marianna,39 r conceicao,58 r conceicao,17,1,1,1,1,0,,,0,0,1,1,0,0,,0,453,674,-221,76,686287.0850,7466253.8746,686328.2903,7466189.4955,,,0,907,4,22,1869,22/04/1869
273,antonio jose perera machado,guilhermina palhares soares silva,antonio,porto alegre,13 r principe,30,0,1,1,1,0,,cosinheiro,0,0,1,1,0,0,,0,0,1313,0,,0.0000,0.0000,685866.0530,7466373.2011,porto alegre,,1,526,4,26,1869,26/04/1869
274,francisco thomaz correa de sa,henriqueta correa asevedo,josephina,30 r carmo,91 r resende,34,1,0,0,0,1,,,1,0,1,1,0,0,,859,2115,1127,988,1668,687046.1624,7466070.8974,685877.6195,7464881.1457,,,0,859,2,24,1869,24/02/1869
275,francisco thomaz correa de sa,henriqueta correa de azevedo,rosalina,30 r carmo,91 r resende,3,1,1,1,1,0,,,2,0,0,1,0,0,,859,2115,1127,988,1668,687046.1624,7466070.8974,685877.6195,7464881.1457,,,0,859,2,24,1869,24/02/1869
276,alvaro joaquim goncalves guimaraes,hermelinda constancia carvalho,ignez,201 r ourives,289 r sabao,38,1,0,0,0,1,,,0,0,1,1,0,0,,0,908,685,223,558,686594.2647,7466337.7513,686139.7417,7466013.6357,,,0,778,3,19,1869,19/03/1869
277,joanna maria da conceicao bastos,izabel de moraes silva,rozaria,18 r riachuelo,152 r misericordia,30,1,1,1,1,0,,,0,0,0,1,0,0,,0,896,962,-66,1310,686590.1845,7464907.2896,687621.8172,7465714.9171,,,0,733,5,4,1869,04/05/1869
279,manoel machado dura da fonseca pires,isidoro maria trindade,samuel,gamboa,230 r alfandega,50,0,0,0,0,0,,,0,0,1,1,0,0,,0,0,685,0,1514,0.0000,0.0000,686251.8309,7465993.0095,,,0,528,3,3,1869,03/03/1869
283,jose teixeira cardoso,jesuina emilia de medeiros,manoel,9 r municipal,27 pr formosa,10,0,1,1,0,1,,,0,0,0,1,0,0,,0,2182,398,1784,2502,686654.9909,7466522.6465,684160.2339,7466331.9543,,,0,1083,3,22,1869,22/03/1869
286,manoel ferreira da costa,jesuina nunes rangel,maria,227 r sete setembro,40 r s clemente,45,1,0,0,0,1,,,0,0,1,1,0,0,,0,905,0,0,2946,686523.8333,7465704.8464,685917.1268,7461119.7654,,,0,795,5,13,1869,13/05/1869
295,manoel francisco alves de freitas,joaquina rita mesquita,belizario,16 r catumbi,322 r s pedro,45,0,0,0,0,0,,,0,0,1,1,0,0,,0,522,932,-410,1700,685084.1994,7464580.2738,685975.5372,7466027.4846,,,0,708,4,19,1869,19/04/1869
297,manoel pinto de araujo,laurinda josefa oliveira,felismina,95 r s pedro cidade nova,2 r estacio sa,35,1,1,1,1,0,,,0,0,1,1,0,0,,0,688,610,78,1243,685255.7047,7465790.6772,684323.9713,7464967.3096,,,0,1097,2,27,1869,27/02/1869
301,joaquina leocadia de brito,leopoldina fausta conceicao,maria,82 r lapa,16 r marques abrantes,43,1,0,0,0,1,,,0,1,0,1,0,0,,0,631,0,0,1777,686906.8241,7464589.3130,687021.9849,7462205.2001,,,0,1062,3,27,1869,27/03/1869
306,francisco xavier  oliveira,luisa candida silva,delphina,55 r principe,12 r senado,46,1,1,1,0,1,,,1,0,1,1,0,0,,974,1426,926,500,982,685711.6482,7466265.9541,686038.5830,7465339.5237,,,0,974,3,27,1869,27/03/1869
307,francisco xavier  oliveira,luiza candida da silva,antonio,55 r principe,12 r senado,0,0,1,1,0,1,,,2,0,0,1,0,0,,974,1426,926,500,982,685711.6482,7466265.9541,686038.5830,7465339.5237,,,0,974,3,27,1869,27/03/1869
308,manoel castanheira,luisa especiosa meneses drummond,raymundo,10 t paco,8 t paco,40,0,0,0,0,1,,,0,0,1,1,0,0,,0,680,740,-60,2,687323.8063,7465943.7426,687322.9496,7465945.0179,,,0,599,3,11,1869,11/03/1869
311,domingos jose gomes brandao,maria candida avellar moreira,julia,70 r quitanda,8 r bom jardim,23,1,1,1,0,1,,,0,0,1,1,0,0,,0,1905,452,1453,2238,686977.3816,7466046.6017,684763.7614,7465715.2045,,,0,1023,5,13,1869,13/05/1869
312,cap.salustiano de barros albuquerque,maria candida fonseca,joao,106 r assemblea,214 r riachuelo,49,0,0,0,0,1,,,0,0,0,1,0,0,,0,1164,793,371,1575,686881.0787,7465732.7183,685508.3862,7464960.4718,,,0,622,4,22,1869,22/04/1869
314,joao lucas de souza falcao,maria christina silva,joanna,5 r santo amaro,69 r lavradio,15,1,1,1,0,1,,,0,0,1,1,0,0,,0,0,858,0,1262,686918.5704,7463966.6492,686415.5476,7465124.3807,,,0,952,4,30,1869,30/04/1869
315,bernardino oliveira romeiro,maria clara de ejsus,maximiana,166 r violas,s goncalo,8,1,1,1,0,1,,,0,0,0,1,0,0,,0,548,0,0,,686427.6442,7466247.6474,0.0000,0.0000,,s goncalo,1,720,3,11,1869,11/03/1869
316,manoel jose rodrigues torres,maria da conceicao barboza,antonio,9 r lusia,ceara,25,0,1,1,0,0,,,0,0,0,1,0,0,,0,615,0,0,,686979.0913,7464116.1252,0.0000,0.0000,,ceara,1,1081,3,20,1869,20/03/1869
318,manfried alfonso,maria da gloria lopes dos reis,quiteria,123 r assemblea,bahia,17,1,1,1,1,0,,,0,0,0,1,0,0,,0,845,0,0,,686873.0375,7465713.3312,0.0000,0.0000,,bahia,1,653,4,30,1869,30/04/1869
319,jose pereira dos santos,maria sao jose crus,marcellina,96 r uruguayana,350 r alfandega,38,1,1,1,0,1,,,0,0,0,1,0,0,,0,1234,745,489,645,686657.3776,7465956.4045,686014.9101,7465898.2062,,,0,1100,5,3,1869,03/05/1869
324,manoel da costa manoel goncalves,maria feliciana baptista pereira,venancio,8 lg carioca,nictheroy,30,0,1,1,0,1,,,0,0,0,1,0,0,,0,845,0,0,,686868.0477,7465660.8483,0.0000,0.0000,,nictheroy,1,1048,2,17,1869,17/02/1869
326,galdino jose goulart,maria feliciana baptista pereira filha,idalina,cantagallo,16 r catumbi,13,1,1,1,0,1,,,0,0,1,1,0,0,,0,0,522,0,,0.0000,0.0000,685084.1994,7464580.2738,cantagallo,,1,478,3,27,1869,27/03/1869
329,antonio lourenco torres,maria feliciana baptista pereira,nestor,50 r saude,16 r catumbi,27,0,1,1,0,1,,carpinteiro,0,0,1,1,0,0,,0,0,522,0,2225,685714.8161,7466714.1370,685084.1994,7464580.2738,,,0,957,3,5,1869,05/03/1869
330,jose guilherme chesp,maria felicianna baptista pereira,julieta,89 r riachuelo,276 r riachuelo,15,1,1,0,1,0,,,0,0,0,1,0,0,,0,1004,901,103,669,685899.1885,7464751.7963,685333.2239,7465108.3324,,,0,1075,2,27,1869,27/02/1869
331,jose vicente cordeiro,maria felicianna baptista pereira,manoel,27 r sabao,s goncalo,45,0,0,0,0,1,,,0,0,0,1,0,0,,0,2838,0,0,,686900.9604,7466263.7283,0.0000,0.0000,,s goncalo,1,837,3,1,1869,01/03/1869
333,joaquim pedro de lemos pereira da costa,maria flora theodora,mauricia,103 r s pedro cidade nova,11 r santo amaro,28,1,1,1,0,0,,,0,0,0,1,0,0,,0,688,204,484,2442,685234.2692,7465783.8041,686880.1054,7463979.5201,,,0,613,3,13,1869,13/03/1869
339,mathias arthur da motta andra,maria isabel oliveira lisboa,henrique,53 pr caju,6 caminho novo botafogo,8,0,1,1,0,1,,,0,0,1,1,0,0,,0,0,0,0,6511,683381.3677,7468804.5424,686897.7430,7462469.9413,,,0,964,5,13,1869,13/05/1869
341,conselheiro jose feliciano de castilho,maria joaquina da costa,chrisostomo,13 r conde,fasenda conceicao,26,0,1,1,0,1,,,0,0,0,1,0,0,,0,958,0,0,,686235.7328,7465538.4510,0.0000,0.0000,,fasenda conceicao,1,668,3,27,1869,27/03/1869
342,carlota ferreira de seixas,maria joaquina da costa cordeiros,carolina,13 r conde,fasenda conceicao porto caixas,18,1,1,1,0,0,,,0,0,0,1,0,0,,669,958,0,0,,686235.7328,7465538.4510,0.0000,0.0000,,fasenda conceicao porto caixas,1,669,3,27,1869,27/03/1869
343,carlota ferreira de seixas,maria joaquina da costa cordeiros,julia,13 r conde,fasenda conceicao porto caixas,10,1,1,0,1,0,,,0,0,0,1,0,0,,669,958,0,0,,686235.7328,7465538.4510,0.0000,0.0000,,fasenda conceicao porto caixas,1,669,3,27,1869,27/03/1869
344,carlota ferreira de seixas,maria joaquina da costa cordeiros,felicia,13 r conde,fasenda conceicao porto caixas,34,1,1,1,0,1,,,0,0,0,1,0,0,,669,958,0,0,,686235.7328,7465538.4510,0.0000,0.0000,,fasenda conceicao porto caixas,1,669,3,27,1869,27/03/1869
351,jose da motta passos,maria luisa vas nascimento,felizarda,31 r s jose,52 r s pedro,27,1,1,1,0,0,,,0,0,1,1,0,0,,0,1121,2060,-939,612,687150.9892,7465813.6557,686793.3143,7466310.5477,,,0,865,3,8,1869,08/03/1869
352,maria luiza oliveira,maria luiza de sa malheiros,benedicta,199 r sete setembro,2 t floresta,25,1,1,1,1,0,,,0,0,0,1,0,0,,0,905,0,0,4470,686584.3484,7465716.3927,682413.9564,7467325.5660,,,0,756,3,10,1869,10/03/1869
353,jose nunes de carvalho guimaraes,maria luisa pinto araujo,carlota,21 r principe cajueiros,16 r formosa,42,1,0,0,0,1,,,0,0,1,1,0,0,,0,1426,857,569,1015,685836.1966,7466351.5112,685453.9529,7465410.8034,,,0,783,4,2,1869,02/04/1869
354,maria sabina victoria,maria magdalena de jesus,maria,166 r sabao,60 r constituicao,16,1,1,1,1,0,,,0,0,0,1,0,0,,0,987,957,30,592,686412.6467,7466111.3213,686070.0138,7465628.9185,,,0,718,3,19,1869,19/03/1869
355,antonio joaquim de oliveira fornello,maria paulina da conceicao coelho,maria,21 r d manoel,bahia,20,1,1,1,0,1,,,0,0,0,1,0,0,,0,808,0,0,,687434.6997,7465859.9171,0.0000,0.0000,,bahia,1,782,3,3,1869,03/03/1869
357,jose pacheco ferreira,maria rosa conceicao ferreira,maria,197 r s pedro,130 r imperatris,40,1,1,1,0,1,,,0,0,1,1,0,0,,0,479,0,0,663,686293.3475,7466119.8327,685918.8307,7466666.4878,,,0,753,2,13,1869,13/02/1869
359,placido gomes da silva,maria salome da costa lopes,febronia,20 r nuncio,337 r sabao,26,1,1,1,0,1,,,0,0,0,1,0,0,,0,957,745,212,277,686056.4400,7465700.1392,686027.0457,7465975.3307,,,0,773,2,24,1869,24/02/1869
360,maria roza da silva,maria tavares costa mayate,maria,26 r conceicao,168 r hospicio,19,1,1,1,1,0,,,0,1,0,1,0,0,,0,909,1098,-189,123,686453.9299,7465913.1136,686547.7874,7465993.0799,,,0,822,4,21,1869,21/04/1869
361,jeronimo pereira dias,maria theresa de carvalho souza,rita,134 r ourives,cordeiros,27,1,1,1,0,0,,,0,0,0,1,0,0,,0,2060,0,0,,686650.8917,7466278.6623,0.0000,0.0000,,cordeiros,1,676,3,8,1869,08/03/1869
362,guimaraes & soares,maria thereza de jesus,thomaz,13 t comercio,aldeia s pedro,40,0,0,0,0,1,,,0,0,0,1,0,0,,0,1939,0,0,,687171.2439,7466137.2945,0.0000,0.0000,,aldeia s pedro,1,673,4,10,1869,10/04/1869
364,guilhermina durao coelho,marianna candida silva braga,luiza,14 r s pedro,173 r uruguayana,18,1,1,1,0,1,,,0,1,0,1,0,0,,0,4014,758,3256,504,686938.4437,7466351.9951,686435.0674,7466328.8225,,,0,686,3,13,1869,13/03/1869
368,antonio luis da rocha,miquelina rosa mendonca quintanilha,jose,8 b aflitos,1 r espirito santo,16,0,1,1,1,0,,,0,0,1,1,0,0,,0,792,756,36,474,686438.5674,7466070.0112,686423.9275,7465595.8715,,,0,1046,2,20,1869,20/02/1869
374,joao antonio da costa machado,roza pinto de cerqueira,elena,28 r nova livramento,128 r saude,13,1,1,1,0,0,,servico domestico,0,0,0,1,0,0,,0,0,0,0,78,685480.2781,7466737.3521,685500.6356,7466813.0367,,,1,843,2,19,1869,19/02/1869
375,emilia julia dos anjos leal,theolinda ferreira ribas,luiza,106 r riachuelo,curitiba,22,1,1,1,0,1,,,0,0,0,1,0,0,,0,1004,0,0,,685899.2681,7464752.1441,0.0000,0.0000,,curitiba,1,626,4,20,1869,20/04/1869
382,jose manoel da rocha,thereza praxedes de abreu gama,pedro,4 r hospicio,inhauma,32,0,1,1,0,1,,,0,0,0,1,0,0,,0,2455,0,0,,687041.7371,7466208.3816,0.0000,0.0000,,inhauma,1,915,5,5,1869,05/05/1869
383,manoel  araujo lopes,thereza praxedes de abreu gama,prudencia,92 r violas,inhauma,20,1,1,1,0,1,,,0,0,0,1,0,0,,0,1130,0,0,,686664.9918,7466355.3628,0.0000,0.0000,,inhauma,1,1091,3,4,1869,04/03/1869
391,cap.salustiano de barros albuquerque,umbelina maria das neves,maria,106 r assemblea,barra pirahy,24,1,1,1,1,0,,,1,0,0,1,0,0,,620,1164,0,0,,686881.0787,7465732.7183,0.0000,0.0000,,barra pirahy,1,620,4,19,1869,19/04/1869
392,cap.salustiano de barros albuquerque,umbelina maria das neves,francelino,106 r assemblea,barra pirahy,3,0,1,1,1,0,,,2,0,0,1,0,0,,620,1164,0,0,,686881.0787,7465732.7183,0.0000,0.0000,,barra pirahy,1,620,4,19,1869,19/04/1869
394,cap.salustiano de barros albuquerque,virginia da silva soares,maiorco,106 r assemblea,itaguahy,36,0,1,1,0,1,,,0,0,0,1,0,0,,0,1164,0,0,,686881.0787,7465732.7183,0.0000,0.0000,,itaguahy,1,621,4,24,1869,24/04/1869
398,maria angelica freire da silva,delphin ribeiro abreu,apollinario,35 r nova conde,29 r s jose,40,0,1,1,1,0,,servico domestico,0,0,0,0,0,0,,0,693,1121,-428,1578,685643.6968,7465365.0314,687155.1160,7465817.4394,,,0,886,1,19,1869,19/01/1869
399,marianna augusta freire da silva,delphim ribeiro  abreu,apolinario,35 r conde cidade nova,29 r s jose,40,0,1,1,1,0,,servico domestico,0,0,0,0,0,0,,0,958,1121,-163,1034,686165.7212,7465518.0677,687155.1160,7465817.4394,,,0,883,1,19,1869,19/01/1869
419,joao pedrozo barreto  albuquerqu,diversos residentes,joao,paty alferes,58 r hospicio,27,0,0,0,0,1,,,0,0,0,0,0,0,,0,0,1851,0,,0.0000,0.0000,686831.0956,7466115.5919,paty alferes,,1,520,2,17,1869,17/02/1869
420,albino lucio de figueredo lima,jacintho da cunha lopes,bernarda,88 r pescadores,parahyba sul,30,1,1,1,0,1,,,0,0,0,0,0,0,,0,934,0,0,,686632.1123,7466391.9211,0.0000,0.0000,,parahyba sul,1,454,3,18,1869,18/03/1869
421,maria faustina  oliveira barbosa,dom miguel calbo,maria,6 r marrecas,78 r s pedro a,34,1,0,0,0,1,,,0,0,0,0,0,0,,0,838,2060,-1222,1323,686927.1506,7464978.7394,686709.0879,7466283.8499,,,0,987,3,30,1869,30/03/1869
423,balbina joaquina da cunha ribeiro feijo,domingos alves guimaraes cutia,roza,73 r bom jardim,125 r sabao,32,1,0,0,0,1,,,0,0,0,0,0,0,,0,466,1215,-749,1900,684862.2944,7465416.2331,686607.7342,7466167.7531,,,0,1030,2,13,1869,13/02/1869
424,alexandrina maria da conceicao,domingos antonio fernandes,joanna,94 r invalidos,s goncalo,25,1,1,1,0,1,,,1,0,0,0,0,0,,0,998,0,0,,686183.8712,7465014.8571,0.0000,0.0000,,s goncalo,1,1094,2,27,1869,27/02/1869
425,alexandrina maria da conceicao,domingos antonio fernandes,jacintha,94 r invalidos,s goncalo,5,1,0,1,0,1,,,2,0,0,0,0,0,,0,998,0,0,,686183.8712,7465014.8571,0.0000,0.0000,,s goncalo,1,1094,2,27,1869,27/02/1869
426,esture ainee,domingos custodio guimaraes,olympia,98 r assemblea,valenca,19,1,1,1,0,1,,,0,0,0,0,0,0,,0,1164,0,0,,686895.4239,7465741.6682,0.0000,0.0000,,cidade valenca,1,1103,2,15,1869,15/02/1869
428,guilherme salgado de almeida,domingos da silva lima,sabino,156 r quitanda,espirito santo,12,0,1,1,1,0,,,0,0,0,0,0,0,,0,2679,0,0,,686835.4662,7466368.8893,0.0000,0.0000,,espirito santo,1,703,3,31,1869,31/03/1869
429,ernesto thomaz colvill,castro peixoto,brizida,105 r sabao cidade nova,34 r aterrado,40,1,0,0,0,1,,,0,0,0,0,0,0,,0,1215,605,610,1867,686662.4329,7466186.3900,684867.4681,7465672.5523,,,0,618,5,3,1869,03/05/1869
434,pedro thome de castro araujo,domingos francisco esteves coutinho,maria,2 pr botafogo,20 r sabao,38,1,0,0,0,1,,,0,0,0,0,0,0,,0,0,1695,0,3463,686894.2577,7461913.3225,686941.9391,7466289.6534,,,0,760,3,2,1869,02/03/1869
440,jose domingues da costa,domingos jose vieira guimaraes,ignes,37 r s bento,84 r lampadosa,34,1,1,1,0,1,,,0,0,0,0,0,1,,0,1896,977,919,938,686650.7409,7466612.9647,686313.6424,7465738.0306,,,0,896,3,6,1869,06/03/1869
446,miguel antonio de avilla,driao gomes guerra,maria,95 r carioca,itaguahy,9,1,1,1,0,0,,,0,0,0,0,0,0,,0,1134,0,0,,686557.9148,7465633.2326,0.0000,0.0000,,itaguahy,1,1096,2,27,1869,27/02/1869
447,alexandrina roza de moura filha,duarte coelho silva,joanna,24 r conceicao,43 r carmo,20,1,1,1,0,0,,,0,0,0,0,1,0,,0,909,1905,-996,625,686456.4228,7465907.0667,687075.6289,7465991.9235,,,0,807,4,28,1869,28/04/1869
451,carolina roza moura,eduardo coelho oliveira,jose,106 r lavradio,9 b imperio,40,0,1,1,0,1,,,0,0,0,0,1,0,,0,1071,634,437,574,686390.1055,7465155.2799,686797.2884,7464751.3756,,,0,624,3,30,1869,30/03/1869
458,bastos & siqueira,jose soares baptista,fortunato,81 r rosario,112 r ouvidor,40,0,1,1,0,1,,,0,0,0,0,0,0,,0,2559,1791,768,115,686844.2531,7466051.3091,686779.8764,7465955.7945,,,0,1060,3,15,1869,15/03/1869
503,catharina de sena e oliveira,emilio salvador ascagne,martha,europa,79 r lapa,35,1,1,1,0,0,,,0,0,0,0,1,0,,0,0,698,0,,0.0000,0.0000,686917.5299,7464595.6865,na europa,,1,503,4,7,1869,07/04/1869
507,roza maria da conceicao,esperanca de souza,brigida,325 r alfandega,bahia,17,1,1,1,0,1,,,0,0,0,1,0,0,,0,569,0,0,,686041.0346,7465896.9174,0.0000,0.0000,,bahia,1,872,4,22,1869,22/04/1869
508,felicia moniz barreto,esperanca maria da conceicao,delphina,376 r alfandega,bahia,44,1,0,0,0,1,,,0,0,0,1,0,0,,0,687,0,0,,685939.7205,7465863.0133,0.0000,0.0000,,bahia,1,898,3,22,1869,22/03/1869
512,francisco contento jacopo,antonio martins  araujo,faustina,17 t s sebastiao,137 pr saco,30,1,1,1,0,1,,servico domestico,0,0,0,0,0,0,,0,878,0,0,2763,687177.1308,7465690.7032,684534.8998,7466497.9637,,,1,726,1,19,1869,19/01/1869
517,francisco jose fernandes lopes,fernandes lopes nogueira,adelaide,4 r s sebastiao,2 b lapa,45,1,1,1,0,1,,,0,0,0,0,0,1,,0,450,2079,-1629,2360,685131.4228,7464958.5536,687157.7509,7466168.2567,,,0,921,5,4,1869,04/05/1869
518,francisco jose fernandes lopes,fernando lopes de nogueira,carolina,4 r s sebastiao,2 b lapa,13,1,1,1,0,1,,,0,0,0,0,0,0,,0,450,2079,-1629,2360,685131.4228,7464958.5536,687157.7509,7466168.2567,,,0,922,5,4,1869,04/05/1869
527,carlos antonio gomes,floriano ferreira de camargo andrade,dionizio,36 r rio comprido,campinas,40,0,0,0,0,1,,,0,0,0,0,0,0,,0,792,0,0,,683776.2104,7463725.6763,0.0000,0.0000,,campinas,1,891,2,26,1869,26/02/1869
533,francisco jose ferraz lopes,francisco amador de vasconcellos,joao,4 r castello,barra s joao,30,0,1,1,0,1,,,0,0,0,0,0,0,,0,594,0,0,,687396.1188,7465684.8337,0.0000,0.0000,,barra s joao,1,911,5,3,1869,03/05/1869
534,antonio ferreira leao,francisco antonio santos,cecilia,15 r conde,99 r principe,40,1,1,1,0,1,,,0,0,0,0,0,1,,0,958,0,0,909,686222.4134,7465534.4346,685580.7617,7466178.7920,,,0,694,3,16,1869,16/03/1869
534,antonio ferreira leao,francisco antonio dos santos,cecilia,15 r conde,99 r principe,40,1,1,1,0,1,,,0,0,0,0,0,0,,0,958,0,0,909,686222.4134,7465534.4346,685580.7617,7466178.7920,,,0,694,3,16,1869,16/03/1869
535,joao baptista bonina,francisco bernardo da silva,manoel,341 r alfandega,para,22,0,1,1,0,1,,,0,0,0,0,0,0,,0,569,0,0,,686007.4668,7465881.2939,0.0000,0.0000,,para,1,881,4,30,1869,30/04/1869
537,joaquim jose do couto guimaraes,francisco carneiro junior,delphina,20 lg carioca,2 r uruguayana,34,1,1,1,0,1,,,1,0,0,0,0,1,,0,845,875,-30,24,686853.5304,7465697.8054,686829.2517,7465698.2981,,,0,458,4,2,1869,02/04/1869
538,joaquim jose do couto guimaraes,francisco carneiro junior,lucrecia,20 lg carioca,2 r uruguayana,18,1,1,1,0,1,,,2,0,0,0,0,0,,0,845,875,-30,24,686853.5304,7465697.8054,686829.2517,7465698.2981,,,0,458,4,2,1869,02/04/1869
540,manoel de souza abalo,francisco costa miranda,jeronymo,126 r ourives,213 r ourives,57,0,0,0,0,1,,,0,0,0,0,0,1,,0,2240,985,1255,159,686672.8024,7466243.8744,686568.9599,7466363.9624,,,0,663,3,10,1869,10/03/1869
546,bibiana maria de jesus,francisco santos bastos,quintiliana,186 r alfandega,29 r ourives,19,1,1,1,1,0,,,0,0,0,0,1,0,,0,677,1164,-487,585,686373.9395,7466034.0218,686928.6718,7465847.5121,,,0,737,2,15,1869,15/02/1869
546,bibiana maria de jesus,francisco dos santos bastos,quintiliana,186 r alfandega,29 r ourives,19,1,1,1,1,0,,,0,0,0,0,0,0,,0,677,1164,-487,585,686373.9395,7466034.0218,686928.6718,7465847.5121,,,0,737,2,15,1869,15/02/1869
547,conde de ipanema,francisco duarte pereira,joaquim,82 r direita,barra s joao,40,0,0,0,0,1,,,0,0,0,0,0,0,,0,4627,0,0,,686989.4378,7466401.6302,0.0000,0.0000,,barra s joao,1,1061,4,6,1869,06/04/1869
549,genesina maria de castro,francisco fernandes duarte,candida,14 r conceicao,112 r alfandega,9,1,1,0,1,0,,,0,0,0,0,1,0,,0,909,1215,-306,272,686468.8874,7465876.8323,686605.5911,7466112.2174,,,0,683,2,18,1869,18/02/1869
550,gustavo jappert,francisco galino  oliveira franco,lucia,24 pr botafogo,s paulo,21,1,1,1,0,1,,,0,0,0,0,0,0,,0,0,0,0,,686710.3939,7461886.2051,0.0000,0.0000,,s paulo,1,804,2,23,1869,23/02/1869
552,jose da costa e souza,francisco joaquim alves soares,francisco,160 r saude,44 r lapa,40,0,1,1,1,0,,,0,0,0,0,0,1,,713,0,634,0,2699,685436.0116,7466964.5701,686876.7458,7464682.4543,,,0,713,3,1,1869,01/03/1869
553,jose da costa e souza,francisco joaquim alves soares,margarida,160 r saude,44 r lapa,38,1,1,1,0,1,,,0,0,0,0,0,0,,713,0,634,0,2699,685436.0116,7466964.5701,686876.7458,7464682.4543,,,0,713,3,1,1869,01/03/1869
559,joaquim antonio goncalves bastos,francisco jose costa,ignacio,18 r conde,31 r assemblea,30,0,1,1,0,1,,cosinheiro,0,0,0,0,0,1,,0,1241,1367,-126,992,686179.6438,7465534.7735,687115.2184,7465865.9518,,,0,732,2,17,1869,17/02/1869
564,jose oliveira barbosa,francisco jose ferreira marques,adao,202 r senhor passos,7 r s lourenco,38,0,1,1,0,1,,,0,0,0,0,0,0,,0,694,0,0,661,685962.3495,7465813.4785,685625.3914,7466381.9054,,,0,779,3,5,1869,05/03/1869
567,jose lopes barbosa,francisco leonardo da conceicao,boaventura,31 r alfandega,bahia,11,1,1,1,0,1,,,0,0,0,0,0,0,,0,2303,0,0,,686906.1577,7466206.6638,0.0000,0.0000,,bahia,1,863,3,4,1869,04/03/1869
571,paulo augusto garcia,francisco lourenco castello branco,eva,piauhy,162 r principe,25,1,1,1,0,1,,,1,0,0,0,0,1,,522,0,689,0,,0.0000,0.0000,685317.8872,7466011.5376,piauhy,,1,522,3,2,1869,02/03/1869
572,paulo augusto garcia,francisco lourenco castello branco,agusto,piauhy,162 r principe,5,0,1,1,1,0,,,2,0,0,0,0,1,,522,0,689,0,,0.0000,0.0000,685317.8872,7466011.5376,piauhy,,1,522,3,2,1869,02/03/1869
575,joao araujo coutinho vianna,francisco luiz barrandon,clarissa,6 r direita,10 lg imperatris,23,1,1,1,0,1,,,0,0,0,0,0,0,,0,1939,853,1086,931,687151.4023,7466053.7595,686226.6260,7466160.8888,,,1,982,3,8,1869,08/03/1869
580,rachel augusta mimosa luisa da silva,francisco pedro nogueira,martinha,120 r hospicio,7 r s bento,12,1,1,1,1,0,,,0,0,0,0,1,0,,0,1211,2182,-971,512,686680.7352,7466049.7677,686743.7672,7466557.6968,,,0,649,2,22,1869,22/02/1869
581,braz antonio carneiro,francisco pinto da fonseca,adao,30 r barbonos,121 r ourives,45,0,1,1,0,1,,,0,0,0,0,0,0,,0,943,1215,-272,943,686915.6489,7465225.3534,686721.9275,7466148.7098,,,0,858,4,19,1869,19/04/1869
584,francisco caetano do vall,francisco raymundo luiz dos santos,maximo,12 r municipal,nictheroy,23,0,1,1,0,1,,cosinheiro,0,0,0,0,0,0,,0,1896,0,0,,686644.1589,7466528.2423,0.0000,0.0000,,nictheroy,1,646,4,20,1869,20/04/1869
587,vicente da silva paranhos,francisco vasques galiso,francisca,122 r misericordia,7 r mercado,26,1,1,1,0,1,,,0,0,0,0,0,1,,0,962,1652,-690,494,687524.6141,7465735.1384,687225.1530,7466127.4530,,,0,652,3,4,1869,04/03/1869
588,joaquim cornelio dos santos,frederico jose de vilhena,israel,9 r passeio,1 r municipal d,19,0,1,1,0,1,,,0,0,0,0,0,0,,1084,820,2182,-1362,1567,687109.8887,7465085.9150,686693.3522,7466596.9038,,,0,1084,5,3,1869,03/05/1869
589,joaquim cornelio dos santos,frederico jose vilhena,dina,9 r passeio,1 r municipal d,17,1,1,1,0,1,,,0,0,0,0,0,1,,1084,820,2182,-1362,1567,687109.8887,7465085.9150,686693.3522,7466596.9038,,,0,1084,5,3,1869,03/05/1869
592,antonio rodrigues de amorim,frederico jose figueira,jose,38 r constituicao,nictheroy,23,0,1,1,0,0,,carpinteiro,0,0,0,0,0,0,,0,957,0,0,,686140.9763,7465641.7990,0.0000,0.0000,,nictheroy,1,902,3,12,1869,12/03/1869
595,joao da silva rego,gabriel avelino nogueira,raymundo,79 r riachuelo,s paulo muriahe,21,0,1,1,0,1,,,0,0,0,0,0,0,,0,794,0,0,,685292.7645,7465137.1475,0.0000,0.0000,,s paulo muriahe,1,1041,2,18,1869,18/02/1869
603,manoel miguel martins,goncalves bastos & cia,theodoro,7 r s francisco xavier,campos,50,0,1,1,0,1,,,0,0,0,0,0,0,,0,0,0,0,,681977.6725,7464601.9917,0.0000,0.0000,,campos,1,1020,5,5,1869,05/05/1869
607,apolinaria maria de jesus,guilherme pereira da silva porto,anna,173 r alfandega,44 r arcos,15,1,0,0,1,0,,,0,0,0,0,0,0,,0,691,858,-167,966,686395.0155,7466028.2540,686518.9737,7465069.8766,,,0,729,3,8,1869,08/03/1869
608,azevedo duarte & cia,guimaraes & soares,alberto,15 r sabao,13 t comercio,17,0,1,1,0,1,,,0,0,0,0,0,0,,0,2838,1939,899,268,686942.2193,7466276.9412,687171.2439,7466137.2945,,,0,698,4,2,1869,02/04/1869
609,antonio duarte diniz,henrique correa de mello,eustaquio,146 r saude,alagoas,20,0,1,1,0,0,,,0,0,0,0,0,0,,0,0,0,0,,685430.5973,7466988.9364,0.0000,0.0000,,alagoas,1,690,2,25,1869,25/02/1869
614,philomena da gloria de mello burgueira,henrique luis,fortunata,48 r assemblea,123 r rosario,18,1,1,1,0,1,,,0,0,0,0,1,0,,0,1629,1791,-162,343,687023.4655,7465821.3324,686722.2123,7465985.4422,,,0,944,3,24,1869,24/03/1869
615,caetana benedicta da rocha,hermenegildo de barros figueredo,ernesto,16 r larangeiras,45 r bom jardim,50,0,1,1,0,1,,,0,0,0,0,0,0,,0,0,605,0,3349,686616.6472,7462935.8969,684772.2259,7465730.7261,,,0,709,4,29,1869,29/04/1869
617,jose borges da costa,honorato rodrigues da silva,belarmino,24 r candelaria,s goncalo,11,0,1,1,0,0,,,0,0,0,0,0,0,,0,2386,0,0,,686921.4257,7466421.2584,0.0000,0.0000,,s goncalo,1,806,2,27,1869,27/02/1869
621,manoel faria das neves,ignacio de mello coutinho vieira machado,bernardo,39 ld joao homem,s matheus,34,0,0,0,0,1,,,0,0,0,0,0,0,,0,0,0,0,,686489.1997,7466597.7002,0.0000,0.0000,,s matheus,1,906,3,2,1869,02/03/1869
639,manoel silveira goulart,jacintho marques da fonseca lemos,vicente,16 r principe,97 r sabao,8,0,1,1,0,0,,,0,0,0,0,0,0,,0,1426,1215,211,867,685834.0068,7466364.9901,686684.3124,7466193.8447,,,0,712,3,5,1869,05/03/1869
653,feliciano henrique de macedo sobrinho,esperanta maria da conceitpo (da Bahia),Romao,376 r alfandega,bahia,0,0,1,0,1,0,,,0,0,0,1,0,0,,134,687,0,0,,685939.7205,7465863.0133,0.0000,0.0000,,bahia,1,134,3,22,1869,22/03/1869
654,feliciano henrique de macedo sobrinho,esperanta maria da conceitpo (da Bahia),antonio,376 r alfandega,bahia,23,0,1,1,0,0,,,0,0,0,1,0,0,,134,687,0,0,,685939.7205,7465863.0133,0.0000,0.0000,,bahia,1,134,3,22,1869,22/03/1869
655,feliciano henrique de macedo sobrinho,esperanta maria da conceitpo (da Bahia),manoel,376 r alfandega,bahia,20,0,1,1,0,0,,,0,0,0,1,0,0,,134,687,0,0,,685939.7205,7465863.0133,0.0000,0.0000,,bahia,1,134,3,22,1869,22/03/1869
659,francisco machado lopes & irmao,joao antonio coqueiro,gonzaga,47 r misericordia,marannhao,40,1,1,1,0,1,,,0,0,0,0,0,0,,0,978,0,0,,687413.6740,7465776.3552,0.0000,0.0000,,marannhao,1,943,2,25,1869,25/02/1869
661,maria balbina,joao antonio araujo saragossa,delphina,gamboa,8 r jogo bola,21,1,1,1,0,1,,,0,0,0,0,1,0,,0,0,0,0,1298,0.0000,0.0000,686328.8023,7466559.2853,,,0,1130,4,28,1869,28/04/1869
662,andulina leopoldina de castro e d.maria amalia de castro,joao antonio de lima,delphina,29 r harmonia,nictheroy,25,1,1,1,0,1,,,0,0,0,0,0,0,,0,0,0,0,,685241.2367,7466825.5213,0.0000,0.0000,,nictheroy,1,849,5,5,1869,05/05/1869
667,leodoria dias guimaraes,joao baptista oliveira fernandes pinto,anna,51 ld joao homem,102 r cattete,16,1,1,1,0,1,,,0,0,0,0,1,0,,0,0,0,0,3175,686452.1777,7466589.5806,686975.8773,7463457.8642,,,0,959,3,19,1869,19/03/1869
675,constanca euler,joao carlos garcia almeida,domingas,macacu,26 r real grandesa,16,1,1,1,0,1,,,0,0,0,0,1,0,,0,0,0,0,,0.0000,0.0000,685169.7638,7460471.0182,macacu,,1,498,3,24,1869,24/03/1869
676,manoel rodrigues borges,joao carlos nogueira,thereza,9 pr formosa,235 pr saco,40,1,0,0,0,1,,,0,0,0,0,0,0,,0,398,0,0,81,684169.9818,7466386.3665,684245.3657,7466417.2611,,,1,1077,4,24,1869,24/04/1869
680,jose joaquim de queiroz,joao d;araujo coutinho vianna,angelica,8 r s pedro,6 r direita,30,1,1,1,0,1,,,0,0,0,0,0,0,,0,4014,1939,2075,359,686968.7264,7466362.4538,687151.4023,7466053.7595,,,0,1054,3,15,1869,15/03/1869
681,francisco ferreira da silva,joao silva sampaio,david,43 r d manoel,79 r s cristovao,38,0,1,1,0,1,,,0,0,0,0,0,1,,0,737,758,-21,4429,687497.8422,7465824.7836,683100.8568,7465290.7079,,,0,930,3,4,1869,04/03/1869
683,nicolao astengo,jopo d'almeida ferreira,joaquim,87 r goncalves dias,134 r cattete,46,0,0,0,0,1,,servico domestico,0,0,0,0,0,0,,0,1831,0,0,2790,686701.5311,7465978.9334,686896.6818,7463195.7301,,,0,1073,1,19,1869,19/01/1869
690,manoel affonso da silva vianna junior,joao fernandes clapp,julia,91 r ourives,nictheroy,18,1,1,1,1,0,,,0,0,0,0,0,0,,0,1280,0,0,,686785.4851,7466057.0710,0.0000,0.0000,,nictheroy,1,1089,5,7,1869,07/05/1869
708,luis brisson,joao jose de souza figueiro,malaquias,166 r saude,sta m magdalena,14,0,1,1,0,1,,,0,0,0,0,0,0,,0,0,0,0,,685438.3320,7466954.1274,0.0000,0.0000,,sta m magdalena,1,719,3,22,1869,22/03/1869
712,manoel moreira da silva,joao marques da silva,quirino,79 r sabao cidade nova,maranhao,25,0,1,1,1,0,,,0,0,0,0,0,0,,0,2243,0,0,,686740.2547,7466212.0274,0.0000,0.0000,,maranhao,1,1043,4,24,1869,24/04/1869
713,manoel joaquim oliveira,joao martins,marianna,105 r s pedro,ceara,22,1,1,1,0,1,,,0,0,0,0,0,0,,0,946,0,0,,686593.2930,7466228.1352,0.0000,0.0000,,ceara,1,617,3,15,1869,15/03/1869
714,maria augusta pessoa de mello borges,joao mauricio da silva franco,leonidia,26 r silva manoel,marica,8,1,1,1,1,0,,,0,0,0,0,0,0,,0,1011,0,0,,686047.0392,7464444.2345,0.0000,0.0000,,marica,1,823,4,9,1869,09/04/1869
716,gaspar antonio da silva guimaraes,joao pereira de almeida,passedonio,60 r direita,rio gde sul,18,0,1,1,1,0,,,0,0,0,0,0,0,,0,3547,0,0,,687017.6588,7466312.3818,0.0000,0.0000,,rio gde sul,1,993,3,3,1869,03/03/1869
718,marianna candida da silva braga,joao ribeiro da silva,leopoldina,173 r uruguayana,itaguahy,9,1,0,0,0,1,,,0,0,0,0,0,0,,0,758,0,0,,686435.0674,7466328.8225,0.0000,0.0000,,itaguahy,1,730,4,6,1869,06/04/1869
723,raphael jose lopes  andra,joaquim antonio  sobrinho,maria,10 campo s christovao,nictheroy,30,1,1,1,0,1,,,0,0,0,0,0,0,,0,0,0,0,,683013.5874,7466175.4399,0.0000,0.0000,,nictheroy,1,590,3,31,1869,31/03/1869
726,jose martins campos,joaquim antonio da silva camarinha,germana,40 r guarda-velha,vassouras,26,1,1,1,0,1,,,1,0,0,0,0,0,,927,943,0,0,,686989.3715,7465346.1904,0.0000,0.0000,,vassouras,1,927,3,27,1869,27/03/1869
727,jose martins campos,joaquim antonio da silva camarinha,adelino,40 r guarda-velha,vassouras,3,0,1,1,0,0,,,2,0,0,0,0,0,,927,943,0,0,,686989.3715,7465346.1904,0.0000,0.0000,,vassouras,1,927,3,27,1869,27/03/1869
728,cora angelica de guimaraes billac,joaquim antonio fernandes pinheiro,mina,103 r uruguayana,21 r hospicio,9,1,1,1,0,0,,,0,0,0,0,1,0,,0,1098,2071,-973,378,686594.1672,7466040.4497,686954.0723,7466155.1874,,,0,614,4,1,1869,01/04/1869
731,bernardino da cunha teixeira,joaquim antunes marcello,pancracio,5 t partilhas,maua,24,0,1,1,0,1,,,0,0,0,0,0,0,,0,0,0,0,,685696.3785,7466427.6310,0.0000,0.0000,,maua,1,954,2,26,1869,26/02/1869
732,nicolao netto carneiro leao,joaquim silva nasareth,thomaz,pirahy,81 r resende,36,0,1,1,0,1,,,0,0,0,0,0,1,,0,0,811,0,,0.0000,0.0000,685961.5721,7464914.5090,pirahy,,1,525,5,4,1869,04/05/1869
733,anna valentina da silva,joaquim de cerqueira lima,agostinha,30 r conceicao,bahia,17,0,1,1,1,0,,,0,0,0,0,0,0,,0,1385,0,0,,686432.2951,7465960.6397,0.0000,0.0000,,bahia,1,860,3,19,1869,19/03/1869
737,manoel alves martins,joaquim francisco carneiro,quiteria,65 pc harmonia,1 r bispo,32,1,1,0,1,0,,,0,0,0,0,0,1,,0,0,0,0,3733,685661.6875,7466715.6558,683608.1629,7463598.5169,,,0,1006,2,24,1869,24/02/1869
739,manoel ferreira excellente,joaquim gomes coutinho,raymundo,3 t guindaste,bahia,27,0,1,1,0,1,,,0,0,0,0,0,0,,0,978,0,0,,687434.6536,7465777.9989,0.0000,0.0000,,bahia,1,857,4,28,1869,28/04/1869
740,antonio augusto vieira cabral,joaquim gomes santos,barbara,20 r violas,21 r engenho velho,40,1,0,0,0,1,,,0,0,0,0,0,1,,0,2228,759,1469,3563,686887.4679,7466414.7198,683768.0537,7464692.9026,,,0,776,2,24,1869,24/02/1869
741,jose joaquim nogueira,joaquim henrique,generoza,2 b joao ignacio,12 r saude,12,1,1,1,0,1,,,0,0,0,0,0,1,,0,0,0,0,517,686284.0951,7466674.2736,685771.0451,7466734.2299,,,0,457,3,22,1869,22/03/1869
742,manoel jose rodrigues torres,joaquim hormeyll alvares,roque,9 r lusia,146 r larga s joaquim,29,0,1,1,0,1,,pedreiro,0,0,0,0,0,0,,0,615,1426,-811,2240,686979.0913,7464116.1252,685920.7611,7466090.6608,,,0,1082,4,20,1869,20/04/1869
743,maria benedicta de mello,joaquim ignacio pimenta,francisca,10 r arcos,penedo,19,1,1,0,1,0,,,0,0,0,0,0,0,,0,858,0,0,,686642.4267,7465019.5670,0.0000,0.0000,,penedo,1,591,3,1,1869,01/03/1869
744,geraldo coelho da silva,joaquim jose da costa,esperanca,58 r proposito,freguesia inhauma,40,1,0,0,0,1,,,0,0,0,0,0,0,,0,0,0,0,,685145.6691,7466897.4009,0.0000,0.0000,,freguesia inhauma,1,978,4,3,1869,03/04/1869
756,joaquim goncalves ferreira gumaraes,joaquim marinho,herculana,22 r principe,18 r principe e,40,1,1,1,0,1,,,1,0,0,0,0,1,,0,1426,1426,0,66,685766.2641,7466319.2780,685821.5667,7466355.9526,,,0,793,5,7,1869,07/05/1869
757,joaquim goncalves ferreira gumaraes,joaquim marinho,guilhermina,22 r principe,18 r principe e,2,1,1,1,1,0,,,2,0,0,0,0,0,,0,1426,1426,0,66,685766.2641,7466319.2780,685821.5667,7466355.9526,,,0,793,5,7,1869,07/05/1869
758,izidoro francisco ferreira da cruz,joaquim pedro lemos pereira costa,joaquim,nictheroy,99 r america,38,0,0,0,0,1,,,0,0,0,0,0,1,,0,0,411,0,,0.0000,0.0000,685033.6531,7465931.9255,nictheroy,,1,514,5,5,1869,05/05/1869
762,luiza primo antonio,joaquina maria da conceicao,fausta,8 pedra do sal,porto caixas,18,1,1,1,0,1,,,0,0,0,1,0,0,,0,0,0,0,,686061.3218,7466666.5692,0.0000,0.0000,,porto caixas,1,459,4,3,1869,03/04/1869
763,antonio goncalves pereira guimaraes,joe custodio nunes,francisco,6 r lavradio,108 pr botafogo,50,0,0,0,0,1,,,0,0,0,0,0,0,,0,958,0,0,2852,686249.4930,7465526.6326,686337.0519,7461276.7629,,,0,985,5,7,1869,07/05/1869
769,pedreira & lemos,john travis m.instesh,jeronymo,157 r cattete,nictheroy,38,0,0,0,0,1,,,0,0,0,0,0,0,,0,0,0,0,,687001.5098,7463573.3892,0.0000,0.0000,,nictheroy,1,706,5,4,1869,04/05/1869
770,simao de sampaio leit,jorge joao dodsworth,verissimo,46 r pescadores,167 r ajuda,33,0,1,1,0,0,,,0,0,0,0,0,1,,0,2182,986,1196,1256,686746.5277,7466433.4825,687084.6006,7465223.9765,,,0,940,4,22,1869,22/04/1869
773,manoel mendes da costa,jose  almeida barret,ambrosina,74 r invalidos,121 r aterrado,18,1,1,1,0,1,,,0,0,0,0,0,0,,0,998,645,353,2121,686165.5425,7465077.8393,684072.6234,7465419.2824,,,1,1031,4,23,1869,23/04/1869
774,alexandrina roza de jesus,jose almeida pinto,felicidade,52 r s jorge,222 r s pedro,40,1,0,0,0,1,,,0,0,0,0,1,0,,968,648,836,-188,176,686243.9023,7465940.7743,686243.2599,7466116.4160,,,0,968,2,16,1869,16/02/1869
775,alexandrina roza de jesus,jose almeida pinto,aura,53 r s jorge,222 r s pedro,24,1,1,1,1,1,,,0,0,0,0,0,0,,968,648,836,-188,170,686242.2811,7465946.2237,686243.2599,7466116.4160,,,0,968,2,16,1869,16/02/1869
776,anna aguida lopes rangel,jose almeida soares lima bastos,florinda,bemposta,79 r pescadores,14,1,1,1,0,1,,,0,0,0,0,1,0,,0,0,1130,0,,0.0000,0.0000,686672.2259,7466396.2937,bemposta,,1,470,4,23,1869,23/04/1869
777,joaquim teixeira de vasconcellos,jose oliveira castro,agostinha,ilha governador,1 r mangueiras,44,1,1,1,0,0,,,0,0,0,0,0,1,,0,0,1023,0,,0.0000,0.0000,686720.0145,7464984.0479,ilha governador,,1,487,2,13,1869,13/02/1869
778,antonio jose mendes pereira,jose oliveira ribeiro maia e manoel oliveira ribeiro maia,joanna,1 r s bento,itaguahy,12,1,1,1,0,1,,,0,0,0,0,0,0,,0,2182,0,0,,686764.7635,7466543.5888,0.0000,0.0000,,itaguahy,1,585,3,9,1869,09/03/1869
789,carlos hungria & cia,jose alves guimaraes,custodio,28 r s bento,42 r pescadores,24,0,1,1,0,0,,,0,0,0,0,0,1,,844,1661,2182,-521,186,686688.5638,7466609.0500,686762.1736,7466437.9053,,,0,844,4,26,1869,26/04/1869
790,carlos hungria & cia,jose alves guimaraes,manoel,28 r s bento,42 r pescadores,23,0,1,1,0,0,,,0,0,0,0,0,0,,844,1661,2182,-521,186,686688.5638,7466609.0500,686762.1736,7466437.9053,,,0,844,4,26,1869,26/04/1869
791,carlos hungria & cia,jose alves guimaraes,luciano,28 r s bento,42 r pescadores,38,0,0,0,0,1,,,0,0,0,0,0,1,,844,1661,2182,-521,186,686688.5638,7466609.0500,686762.1736,7466437.9053,,,0,844,4,26,1869,26/04/1869
792,carlos hungria & cia,jose alves guimaraes,agostinho,28 r s bento,42 r pescadores,30,0,1,1,0,0,,,0,0,0,0,0,0,,844,1661,2182,-521,186,686688.5638,7466609.0500,686762.1736,7466437.9053,,,0,844,4,26,1869,26/04/1869
793,carlos hungria & cia,jose alves guimaraes,jorge,28 r s bento,42 r pescadores,38,0,0,0,0,1,,,0,0,0,0,0,1,,844,1661,2182,-521,186,686688.5638,7466609.0500,686762.1736,7466437.9053,,,0,844,4,26,1869,26/04/1869
795,carolina sergio vellozo,jose antonio andrade de bastos,esperanca,261 r hospicio,34 r santa lusia,26,1,1,1,0,1,,,0,0,0,0,0,0,,0,1374,573,801,1515,686033.0163,7465768.5072,687497.9570,7465383.7537,,,0,827,2,17,1869,17/02/1869
797,arlindo carneiro de sampaio silva,jose antonio de carvalho,umbelina,72 r cosme velho,64 r saude,33,1,1,1,0,1,,,0,0,0,0,0,0,,0,0,0,0,3951,684700.8179,7461826.5800,685665.1380,7466715.3119,,,1,1024,4,29,1869,29/04/1869
798,cesar farani,jose antonio mello,rachel,43 r constituicao,13 r  s joaquim,40,1,0,0,0,1,,,0,0,0,0,0,1,,0,1241,548,693,729,686101.3750,7465622.2196,686419.5729,7466278.2320,,,0,929,3,24,1869,24/03/1869
802,joaquim da fonseca guimaraes,jose antonio gomes brandao,felicia,80 r violas,124 r quitanda,24,1,1,1,0,1,,,0,0,0,0,0,0,,0,1130,2838,-1708,233,686698.3456,7466363.2903,686889.4924,7466230.8399,,,0,1058,3,30,1869,30/03/1869
803,castro machado & cia,jose antonio malheiros,leandro,7 r benedictinos,parana,18,0,1,1,0,1,,,0,0,0,0,0,0,,0,1657,0,0,,686628.7623,7466526.2620,0.0000,0.0000,,parana,1,1017,3,30,1869,30/03/1869
804,jose luis da silva coelho,jose antonio pereira,napoleao,100 r sabao,56 r s pedro,40,0,0,0,0,1,,cosinheiro,0,0,0,0,0,1,,0,946,2060,-1114,160,686662.0681,7466199.1460,686780.3563,7466306.4404,,,0,601,2,25,1869,25/02/1869
806,maria henriqueta  oliveira ferraz & outros,jose antonio silves pereira,jose,140 r cattete,15 r sabao mangue,40,0,0,0,0,1,,,0,0,0,0,1,0,,0,0,529,0,3150,686866.7289,7463121.6072,684929.3506,7465605.4423,,,0,687,4,6,1869,06/04/1869
807,manoel de castro guimaraes,jose antonio vieira barbosa,galdina,72 r sabao,s paulo,24,1,1,1,0,1,,,0,0,0,0,0,0,,0,2240,0,0,,686746.1516,7466226.7352,0.0000,0.0000,,s paulo,1,1026,2,20,1869,20/02/1869
814,agostinho guilherme da silva,jose cardoso soares,fructuoza,227 r sete setembro,itaborahy,23,1,1,1,1,0,,,0,0,0,0,0,0,,0,905,0,0,,686523.8333,7465704.8464,0.0000,0.0000,,itaborahy,1,794,5,5,1869,05/05/1869
822,lesbao pereira de araujo,jose crus vianna,sabino,125 r s pedro,34 r rosario,48,0,1,1,0,1,,cosinheiro,0,0,0,0,0,1,,0,2523,2179,344,496,686533.8421,7466203.8042,687028.2259,7466165.5890,,,0,657,3,12,1869,12/03/1869
830,carolina suza cadillon almeida,jose da silva pereira,roza,84 pr botafogo,17 r barbonos,25,1,1,1,0,1,,,0,0,0,0,0,0,,0,0,1023,0,2273,686366.8930,7461491.3395,686801.2150,7465074.6052,,,0,1066,3,11,1869,11/03/1869
834,jose antonio de sa,jose freitas pereira,venancio,6 t maia,8 t maia,40,0,1,1,0,1,,,0,0,0,0,0,1,,0,820,820,0,16,687173.2403,7465020.1740,687161.3449,7465010.1908,,,0,991,3,3,1869,03/03/1869
835,victorino coelho de carvalho,jose de paula e silva,procopio,105 r engenho velho,marapicu,10,0,1,1,0,1,,,0,0,0,0,0,0,,0,0,0,0,,682615.4662,7464088.6679,0.0000,0.0000,,marapicu,1,616,3,31,1869,31/03/1869
836,domingos domingues rodrigues,jose sousa machado,carolina,pirahy,10 b joao baptista,30,1,1,1,0,1,,,0,0,0,0,0,1,,0,0,985,0,,0.0000,0.0000,686543.7301,7466332.7434,pirahy,,1,524,5,7,1869,07/05/1869
837,benjamim moniz barreto,jose sousa monteiro,satiro,34 r real grandesa,127 r saude,21,0,1,1,0,1,,,0,0,0,0,0,1,,0,0,0,0,4321,685208.2239,7460309.0108,685502.3895,7466811.2284,,,0,878,2,19,1869,19/02/1869
841,manoel da costa salgueiro,jose egydio,maria,4 r floresta,6 r vista alegre,44,1,1,1,0,1,,,0,0,0,0,0,0,,0,671,415,256,1145,685319.6542,7465255.8461,684279.5780,7464775.8678,,,0,912,3,6,1869,06/03/1869
842,guilherme salgado  almeida,jose eloy machado,nicolao,156 r quitanda,2 r bella,13,0,1,1,0,1,,,0,0,0,0,0,1,,0,2679,428,2251,3674,686835.4662,7466368.8893,683708.5044,7464439.9984,,,0,704,4,6,1869,06/04/1869
846,jacintha maria fatellado rego,jose fernandes de pinho,antonia,10 t maia,103 r ajuda,25,1,1,1,0,1,,,0,0,0,0,0,0,,0,820,1121,-301,417,687149.4495,7465000.2077,687033.4772,7465400.3136,,,0,598,4,29,1869,29/04/1869
848,maria magdalena de jesus,jose fortunato da silveira bulcao,deolinda,22 r conceicao,pindamonhangaba,17,1,1,1,1,0,,,0,0,0,0,0,0,,0,909,0,0,,686458.9157,7465901.0198,0.0000,0.0000,,pindamonhangaba,1,792,4,29,1869,29/04/1869
853,manoel jose pinto guimaraes,jose goncalves pecego junior,maria,95 r alfandega,paranagua,15,1,1,1,1,0,,,0,0,0,0,0,0,,0,1211,0,0,,686681.6172,7466127.1399,0.0000,0.0000,,paranagua,1,1095,4,26,1869,26/04/1869
856,eduardo cyrillo moreira,jose ignacio peixoto,izabel,vassouras,178 r hospicio,22,1,1,1,0,1,,,0,0,0,0,0,1,,0,0,1385,0,,0.0000,0.0000,686516.3339,7465980.2992,vassouras,,1,575,3,8,1869,08/03/1869
858,manoel bento de araujovalenca,jose joaquim  oliveira reis,antonia,20 r candelaria,mambucaba,30,1,1,1,0,1,,,0,0,0,0,0,0,,0,4014,0,0,,686933.2411,7466383.6128,0.0000,0.0000,,mambucaba,1,771,3,27,1869,27/03/1869
865,jose da costa barreiros,jose joaquim gomes,alexandre,102 r misericordia,pernambuco,18,0,1,1,0,0,,,0,0,0,0,0,0,,0,962,0,0,,687467.4371,7465747.2039,0.0000,0.0000,,pernambuco,1,606,3,1,1869,01/03/1869
867,joao baptista dos santos,jose joaquim pecanha povoa,eduardo,90 r engenho velho,vassouras,35,0,1,1,1,0,,,0,0,0,0,0,0,,0,0,0,0,,683404.5752,7464467.0984,0.0000,0.0000,,cidade vassouras,1,1087,2,20,1869,20/02/1869
873,manoel jose dos santos,jose leandro sousa,maximiana,245 r s pedro,108 r s clemente,17,1,1,1,0,1,,,0,0,0,0,0,1,,0,786,0,0,3401,686172.1493,7466079.8833,685271.2928,7461073.6378,,,0,814,3,20,1869,20/03/1869
876,manoel martins nogueira,jose luiz do livramento,felisberta,21 r sabao,15 r principe,30,1,1,1,0,1,,,0,0,0,0,0,0,,0,2838,1426,1412,1067,686921.5899,7466270.3347,685858.5889,7466367.7786,,,0,786,4,19,1869,19/04/1869
881,freitas & pinto,jose manoel sa siqueira,jayme,130 r uruguaiana,12 t s januario,46,0,1,1,0,1,,pedreiro,0,0,0,0,0,0,,647,1211,0,0,4291,686595.5883,7466061.9622,682359.1779,7466745.9909,,,0,647,2,19,1869,19/02/1869
882,freitas & pinto,jose manoel de sa siqueira,pedro,130 r uruguaiana,12 t s januario,53,0,0,0,0,1,,,0,0,0,0,0,0,,647,1211,0,0,,686595.5883,7466061.9622,682359.1779,7466745.9909,,rua de spo januario n.12,0,647,2,19,1869,19/02/1869
883,almeida silva & castro,jose manoel felisardo,joao,5 r candelaria,69 r assemblea,26,0,1,1,0,1,,,0,0,0,0,1,0,,0,2303,1225,1078,415,686980.0003,7466206.7815,687000.7559,7465792.5944,,,0,947,5,3,1869,03/05/1869
884,antonio ribeiro marinho,jose manoel siqueira,joao rabello,79 r saude,12 r s januario,46,0,0,0,0,0,,,0,0,0,0,0,0,,0,0,0,0,3253,685611.8497,7466723.1718,682359.1779,7466745.9909,,,0,1045,4,1,1869,01/04/1869
885,joao de araujo coutinho vianna,jose maria conceicao,maria amalia,6 r direita,53 r livramento,26,1,1,1,1,0,,,0,0,0,0,0,1,,0,1939,0,0,1898,687151.4023,7466053.7595,685370.4257,7466708.5437,,,0,983,3,11,1869,11/03/1869
886,alexandrino ribeiro de menezes,jose maria da costa,ataliba,36 r princesa cajueiros,cantagallo,38,0,0,0,0,1,,,0,0,0,0,0,0,,0,0,0,0,,685762.3905,7466431.3796,0.0000,0.0000,,cantagallo,1,888,4,2,1869,02/04/1869
889,sr.jose alves ferreira da silva,jose maria anjos exposel,margarida,53 r direita,3 r d manoel,41,1,0,0,0,1,,,0,0,0,0,0,1,,0,3249,894,2355,460,687024.7282,7466257.2970,687365.2827,7465948.0024,,,0,966,5,7,1869,07/05/1869
894,jeronymo jose dos santos,jose maria muniz,maria,192 r alfandega,2 r larangeiras c,37,1,0,0,0,1,,,0,0,0,0,0,0,,0,677,0,0,3094,686357.2861,7466028.4158,686655.6176,7462948.5980,,,0,749,4,24,1869,24/04/1869
896,catharina maria de jesus,jose maria pereira vianna,josepha,50 r alcantara,vassouras,36,1,0,0,0,1,,,0,0,0,0,0,0,,0,529,0,0,,684963.8530,7465526.8409,0.0000,0.0000,,vassouras,1,956,2,20,1869,20/02/1869
898,joaquim alves ferreira bastos,jose maria teixeira,altina,65 pr caju,s goncalo,28,1,1,1,0,1,,,0,0,0,0,0,0,,0,0,0,0,,683441.2987,7468808.2881,0.0000,0.0000,,s goncalo,1,1007,2,19,1869,19/02/1869
899,moura filho soares & cia,jose maria velludo,jacintho,1 r benedictinos,221 r ourives,26,0,1,1,1,0,,,0,0,0,0,0,0,,0,1503,985,518,192,686731.2835,7466426.8735,686545.9129,7466376.4028,,,0,579,4,20,1869,20/04/1869
902,arlindo carneiro de sampaio silva,jose marques de carvalho,julia,78 r hospicio,85 r s jose,32,1,0,0,0,1,,,1,0,0,0,0,0,,1038,2303,1121,1182,466,686980.8713,7466180.0814,687013.3863,7465715.0423,,,0,1038,3,2,1869,02/03/1869
903,arlindo carniro de sampaio silva,jose marques carvalho,camillo,78 r hospicio,85 r s jose,7,0,1,1,0,1,,,2,0,0,0,0,1,,1038,2303,1121,1182,466,686980.8713,7466180.0814,687013.3863,7465715.0423,,,0,1038,3,2,1869,02/03/1869
904,conde de bonfim,jose martins rodrigues,joao,11 r bella vista,134 r sabao,30,0,1,1,1,0,,pedreiro,0,0,0,0,0,0,,0,0,946,0,3657,683463.5576,7464260.5074,686581.2092,7466171.5958,,,0,632,2,24,1869,24/02/1869
905,joao moreira do valle guimaraes,jose matheus ferreira,delphina,106 r hospicio,pernambuco,32,1,1,1,0,1,,,0,0,0,0,0,0,,0,1211,0,0,,686713.9204,7466064.0860,0.0000,0.0000,,pernambuco,1,623,4,3,1869,03/04/1869
911,joao bernardes,jose nunes teixeira,libania,17 r carmo,179 r quitanda,45,1,0,0,0,1,,,0,0,0,0,0,1,,0,1294,2182,-888,606,687112.9962,7465925.3412,686798.4912,7466443.6778,,,0,723,4,23,1869,23/04/1869
913,antonio ribeiro rozado,jose paulino hoonholtz,ann,184 r s pedro,ceara,39,1,1,1,1,0,,,0,0,0,0,0,0,,0,699,0,0,,686348.0072,7466150.9526,0.0000,0.0000,,ceara,1,736,4,22,1869,22/04/1869
914,joanna maria sudre,jose pedro dos reis,emilia,21 r theatro,espirito santo,13,1,1,1,1,0,,,0,0,0,0,0,0,,0,1025,0,0,,686496.3265,7465747.4970,0.0000,0.0000,,estado espirito santo,1,789,2,15,1869,15/02/1869
918,jose correa coelho,jose ribeiro soares,gertrudes,6 lg capim,181 r sabao,18,1,1,1,1,0,,,0,0,0,0,0,0,,0,987,990,-3,37,686462.0419,7466149.3872,686454.0767,7466113.4079,,,0,981,3,23,1869,23/03/1869
920,antonio joaquim dos reis,jose ribeiro soares,fermino,mage,181 r sabao,9,0,1,1,0,1,,,0,0,0,0,0,1,,0,0,990,0,,0.0000,0.0000,686454.0767,7466113.4079,mage,,1,499,4,23,1869,23/04/1869
921,vicente jose de moura,jose ribeiro soares,sabina,39 r prainha,188 r sabao,44,1,0,0,0,1,,,0,0,0,0,0,1,,0,1896,479,1417,598,686588.0068,7466640.5694,686353.5073,7466090.7841,,,0,909,4,26,1869,26/04/1869
924,luis de souza macedo,jose rodrigues soares,emerenciana,73 r assemblea,301 r alfandega,28,1,1,1,0,1,,,0,0,0,0,0,0,,0,1225,569,656,909,686990.5542,7465786.1599,686091.3864,7465920.3526,,,0,1029,2,27,1869,27/02/1869
934,antonio adolpho  almeida figueiredo,jose victor do valle,bernardo,153 r imperatris,marica,30,0,1,1,0,0,,,0,0,0,0,0,0,,0,0,0,0,,685878.9514,7466566.1095,0.0000,0.0000,,marica,1,701,4,12,1869,12/04/1869
935,manoel de souza pinheiro,jose vidal rocha,paulo,24 r fresca,13 t paco,38,0,1,1,0,1,,,0,0,0,0,0,1,,0,894,2080,-1186,101,687436.7205,7465938.6300,687336.3447,7465946.7997,,,0,809,3,30,1869,30/03/1869
936,anna joaquina constanca de faria,jose vidal da rocha,manoel preto,39 r misericordia,itaguahy,45,0,0,0,0,1,,,0,0,0,0,0,0,,0,978,0,0,,687388.0226,7465785.8264,0.0000,0.0000,,itaguahy,1,908,4,7,1869,07/04/1869
942,joaquim jose pires,justino augusto faria,antonio,48 r s jose,42 r guarda-velha,45,0,0,0,0,1,,,0,0,0,0,0,1,,0,1367,943,424,474,687109.3386,7465796.2591,686998.3641,7465335.4714,,,0,945,3,6,1869,06/03/1869
943,carlos antonio gomes,justiniano jose  andrade,caetano,36 r rio comprido,juis fora,40,0,0,0,0,1,,,0,0,0,0,0,0,,0,792,0,0,,683776.2104,7463725.6763,0.0000,0.0000,,juis fora,1,893,3,24,1869,24/03/1869
947,marcolino jose de souza,albino da costa guimaraes,elvira,106 r principe cajueiros,ouro preto,24,1,1,1,1,1,,,0,0,0,0,0,0,,0,0,0,0,,685529.3242,7466159.1356,0.0000,0.0000,,ouro preto,1,625,4,30,1869,30/04/1869
949,francisco quirino da rocha verneck,albino ferreira sousa costa villas boas,manoel,26 t mangueira,195 r quitanda,20,0,1,1,1,0,,carpinteiro,0,0,0,0,0,0,,0,0,2182,0,1582,685194.4404,7466684.3424,686768.9526,7466532.6670,,,0,824,3,30,1869,30/03/1869
951,srs.santos andrade & cia,leocadio jose sousa castro,joaquim,10 r mercado,88 r alfandega,22,0,1,1,0,1,,,0,0,0,0,0,1,,0,4948,1215,3733,502,687179.3691,7466220.2575,686683.9450,7466140.9821,,,0,595,5,4,1869,04/05/1869
952,jose carneiro maduro,leodorio pinto de freitas,josepha,80 r livramento,84 r livramento,60,1,0,0,0,1,,,0,0,0,0,0,0,,0,0,450,0,16,685345.9726,7466717.5113,685330.0421,7466715.6721,,,0,1056,2,24,1869,24/02/1869
957,jose bento alves de carvalho,alexandre pereira costa,jorge,54 r invalidos,99 r uruguayana,40,0,0,0,0,1,,,0,0,0,0,0,1,,0,998,1098,-100,996,686146.6587,7465140.9938,686602.1007,7466027.0662,,,0,970,5,7,1869,07/05/1869
963,manoel de castro guimaraes,almeida silva & castro,henrique,72 r sabao,5 r candelaria,40,0,0,0,0,1,,,0,0,0,0,0,0,,0,2240,2303,-63,235,686746.1516,7466226.7352,686980.0003,7466206.7815,,,0,1028,2,18,1869,18/02/1869
969,joao diogo hantley,luis antonio fernandes pinheiro,thereza,61 r invalidos,espirito santo,14,1,1,1,0,0,,,0,0,0,0,0,0,,0,1071,0,0,,686164.4188,7465125.3335,0.0000,0.0000,,espirito santo,1,998,5,3,1869,03/05/1869
970,domingues & rodrigues,luis augusto senna,honorato,23 r s francisco xavier,60 r s pedro,12,0,1,1,0,1,,,0,0,0,0,0,0,,0,0,2060,0,4963,680657.2237,7465486.5402,686767.3984,7466302.3330,,,0,798,2,22,1869,22/02/1869
977,jeronymo jose teixeira junior,luis francisco almeida junqueira,julieta,14 r rio comprido,bahia,18,1,1,1,0,1,,,0,0,0,0,0,0,,0,0,0,0,,683802.9988,7464297.0638,0.0000,0.0000,,bahia,1,685,5,1,1869,01/05/1869
984,jose da costa e souza,luiz ferreira da paixao,cesario,60 r saude,juis fora,33,0,1,1,0,0,,,0,0,0,0,0,0,,997,0,0,0,,685678.9399,7466713.9363,0.0000,0.0000,,juis fora,1,997,3,27,1869,27/03/1869
985,jose da costa e souza,luiz ferreira da paixao,cipriano,60 r saude,juis fora,35,0,1,1,1,1,,carpinteiro,0,0,0,0,0,0,,997,0,0,0,,685678.9399,7466713.9363,0.0000,0.0000,,juis fora,1,997,3,27,1869,27/03/1869
986,deolinda maria da conceicao macedo,luis gonsaga andrade almeida,fortunata,256 r s pedro,64 r s diogo,43,1,1,1,0,1,,,0,0,0,0,1,0,,0,836,411,425,1167,686165.6101,7466090.5559,685017.3920,7465879.9094,,,0,819,4,20,1869,20/04/1869
989,manoel marques,luis martins moreira,francellina,6 t santa rita,61 r larangeiras l,24,1,1,1,0,1,,,0,0,0,0,0,1,,0,1503,0,0,3528,686663.3885,7466416.1406,686519.5195,7462891.4182,,,0,992,4,1,1869,01/04/1869
990,ludovico jose de avellar,luiz pereira tito jacome,theodoro,1 b canoas,ceara,6,0,1,1,1,0,,,0,0,0,0,0,0,,576,0,0,0,,686482.1436,7466712.6792,0.0000,0.0000,,ceara,1,576,5,13,1869,13/05/1869
993,marianna porcina rodrigues palmito,major antonio oliveira abreu,ricarda,13 r misericordia,santa anna macacu,12,1,1,1,0,1,,,0,0,0,0,0,0,,0,978,0,0,,687312.6522,7465827.0192,0.0000,0.0000,,santa anna macacu,1,672,3,30,1869,30/03/1869
996,thereza de figueiredo paranhos,manoel joaquim pereira pinto sayao,marciano,51 r conde,12 lg s francisco paula,16,0,1,1,0,1,,,0,0,0,0,1,0,,0,958,1243,-285,554,686119.5821,7465504.7568,686555.5367,7465845.8283,,,0,960,4,2,1869,02/04/1869
999,jose ferreira de braganca,malaquias cordeiro de castro,venancia,32 r mercado,346 r alfandega,24,1,1,1,0,1,,,0,0,0,0,0,0,,871,2079,745,1334,1190,687173.9768,7466206.5744,686023.3021,7465902.1120,,,0,871,2,27,1869,27/02/1869
1000,jose ferreira de braganca,malaquias cordeiro castro,maria,32 r mercado,346 r alfandega,20,1,1,1,0,1,,,0,0,0,0,0,1,,871,2079,745,1334,1190,687173.9768,7466206.5744,686023.3021,7465902.1120,,,0,871,2,27,1869,27/02/1869
1003,cap.jose almeida barreto,manoel amaro da silva guimaraes,victoria,120 r aterrado,63 pr formosa,25,1,1,1,1,0,,,0,0,0,0,0,0,,0,645,398,247,803,684082.3770,7465422.7783,684131.9392,7466224.4453,,,0,648,4,24,1869,24/04/1869
1005,jose vaz de carvalho,manoel antonio oliveira trindade,leonor,136 r ourives,30 r sete setembro,22,1,0,0,0,1,,,0,0,0,0,0,1,,0,2060,1887,173,510,686646.9912,7466285.3370,686992.0089,7465909.1496,,,0,678,3,5,1869,05/03/1869
1008,manoel marques de carvalho alvim,manoel bento da silva morador,rufina,10 r imperatris,22 r arcos,32,1,0,0,0,1,,,0,0,0,0,0,0,,0,853,858,-5,1184,686226.6260,7466160.8888,686598.8551,7465037.3233,,,0,592,4,30,1869,30/04/1869
1010,antonio pereira de souza barros,manoel cardoso da silva,militao,103 r conde,129 pr saco,24,0,1,1,0,1,,pedreiro,0,0,0,0,0,0,,0,1066,0,0,1813,686058.5254,7465499.9363,684553.5076,7466510.2199,,,1,610,2,23,1869,23/02/1869
1013,anna ferreira francisca carneiro campos,manoel castanheiro,carolina,7 r senado,nictheroy,16,1,1,1,0,1,,,0,0,0,0,0,0,,0,858,0,0,,686357.2876,7465419.3852,0.0000,0.0000,,nictheroy,1,1021,4,22,1869,22/04/1869
1016,manoel moreira tavares,manoel crus freitas guimaraes,theresa,99 r alfandega,85 r pescadores,11,1,1,1,0,1,,,0,0,0,0,0,1,,0,1211,1130,81,267,686668.5582,7466122.3457,686656.8694,7466389.5182,,,0,1104,3,20,1869,20/03/1869
1022,luis vieira nunes,manoel domingos almeida,alberta,46 r d manoel,6 r bomfim,35,1,1,0,1,0,,,0,0,0,0,0,1,,0,978,585,393,5119,687459.6288,7465832.0275,682583.9334,7467391.7226,,,0,939,2,25,1869,25/02/1869
1028,ignez maria de souza ribeiro,manoel fernandes cunha graca,rozaura,27 r conde,2 r guanabara,44,1,1,1,1,0,,,1,0,0,0,1,0,,830,958,0,0,2693,686188.7907,7465524.7231,686014.7121,7462665.6352,,,0,830,4,27,1869,27/04/1869
1029,ignez maria de souza ribeiro,manoel fernandes da cunha graca,dorothea,27 r conde,2 r guanabara,10,1,1,1,1,0,,,2,0,0,0,0,0,,830,958,0,0,2693,686188.7907,7465524.7231,686014.7121,7462665.6352,,,0,830,4,27,1869,27/04/1869
1030,anna da silva,manoel fernandes monta,roza,209 r hospicio,49 r bom jardim,21,1,1,1,1,0,,,0,0,0,0,1,0,,0,875,605,270,1460,686230.6007,7465848.6823,684776.6425,7465714.2364,,,0,781,4,28,1869,28/04/1869
1032,roza dianna,manoel ferreira da costa,cezaria,15 rua cotovello,vassouras,14,1,1,1,0,1,,,0,0,0,0,0,0,,0,978,0,0,,687327.9822,7465847.1304,0.0000,0.0000,,vassouras,1,699,3,2,1869,02/03/1869
1035,antonio rodrigues  amorim,manoel francisco santos,martins,nictheroy,13 t bom jardim,28,0,1,1,0,1,,,0,0,0,0,0,1,,0,0,444,0,,0.0000,0.0000,684618.5827,7465945.3256,nictheroy,,1,511,3,23,1869,23/03/1869
1042,joaquim jose pires melcaco,manoel goncalves macedo,esperanca,25 r arcos,107 r s diogo,11,1,1,1,0,1,,,0,0,0,0,0,1,,0,896,199,697,2288,686559.6201,7465040.1469,684356.9678,7465660.0294,,,0,818,3,18,1869,18/03/1869
1043,jose maria de magalhaes bastos,manoel henriques de siqueira,florencia,195 r quitanda,nictheroy,40,1,1,1,1,0,,,0,0,0,0,0,0,,751,2182,0,0,,686768.9526,7466532.6670,0.0000,0.0000,,nictheroy,1,751,3,11,1869,11/03/1869
1044,jose maria de magalhaes bastos,manoel henriques de siqueira,francisca,195 r quitanda,nictheroy,14,1,1,1,0,0,,,0,0,0,0,0,0,,751,2182,0,0,,686768.9526,7466532.6670,0.0000,0.0000,,nictheroy,1,751,3,11,1869,11/03/1869
1045,jose antonio dos santos dias,manoel joao segadas vianna,marcos,181 r formosa,128 r hospicio,38,0,0,0,0,1,,,0,0,0,0,0,1,,0,593,1211,-618,1425,685239.9089,7466139.3227,686661.7723,7466041.5858,,,0,734,2,26,1869,26/02/1869
1046,gomes de oliveira & silva,manoel joaquim oliveira magalhaes,joao,22 lg santa rita,mesmo lugar,38,0,0,0,0,1,,,0,0,0,0,0,0,,791,804,804,0,,686561.7677,7466394.1287,686561.7677,7466394.1287,,mesmo lugar,1,791,3,9,1869,09/03/1869
1047,gomes de oliveira & silva,manoel joaquim oliveira magalhaes,cypriano,22 lg santa rita,mesmo lugar,54,0,0,0,0,1,,,0,0,0,0,0,0,,791,804,804,0,,686561.7677,7466394.1287,686561.7677,7466394.1287,,mesmo lugar,1,791,3,9,1869,09/03/1869
1049,antonio goncalves de carvalho,manoel joaquim guimaraes,euzebia,nictheroy,79 r quitanda,28,1,1,1,1,0,,,0,0,0,0,0,1,,0,0,2559,0,,0.0000,0.0000,686949.0587,7466077.0904,s domingos nictheroy,,1,549,4,21,1869,21/04/1869
1050,jose baptista barreiros,manoel joaquim pereira santiago,deodato,40 r guarda-velha,18 r s pedro,29,0,1,1,0,1,,pedreiro,0,0,0,0,0,1,,0,943,2679,-1736,1003,686989.3715,7465346.1904,686920.1469,7466346.7554,,,0,928,4,21,1869,21/04/1869
1051,marianna roza  assumpcao,manoel joaquim puget,joanna,56 r alcantara,3 r sabao,28,1,1,1,0,1,,,0,0,0,0,0,0,,0,529,3249,-2720,2233,684923.3825,7465513.8510,687012.9671,7466302.3133,,,0,976,3,15,1869,15/03/1869
1053,jose agostinho alves de araujo,manoel joaquim ribeiro vidal,luiza,40 r ajuda,189 r s joaquim,35,1,1,1,0,1,,,0,0,0,0,0,1,,0,1259,932,327,1158,686998.3586,7465591.9907,685952.9812,7466089.1567,,,0,923,5,5,1869,05/05/1869
1054,florinda constanca,manoel jordao de vargas vasconcellos,thereza,9 t guindaste,nictheroy,39,1,0,0,0,1,,,0,0,0,0,0,0,,0,978,0,0,,687447.7350,7465813.5272,0.0000,0.0000,,nictheroy,1,1086,5,5,1869,05/05/1869
1055,albino joaquim souza,manoel jose da costa jeronymo,joao,36 r invalidos,ilha s miguel,36,0,0,0,0,1,,,0,0,0,0,0,0,,0,998,0,0,,686127.3117,7465200.7953,0.0000,0.0000,,ilha s miguel,1,887,4,28,1869,28/04/1869
1060,manoel joaquim victoria,manoel jose pinto guimaraes,venancio,63 r s clemente,95 r alfandega,22,0,1,1,0,1,,,0,0,0,0,0,1,,0,0,1211,0,3331,685543.2935,7461104.4697,686681.6172,7466127.1399,,,0,1004,4,26,1869,26/04/1869
1062,joaquim jose alves de mattos,manoel leite bastos,juvencio,santa catharina,11 r s pedro,22,0,1,1,0,1,,,0,0,0,0,0,1,,0,0,3088,0,,0.0000,0.0000,686942.4238,7466340.4710,santa catharina,,1,557,2,19,1869,19/02/1869
1064,luciano augusto lopes,manoel martins carvalho,eufrasia,169 r quitanda,63 r hospicio,28,1,1,1,0,0,,,0,0,0,0,0,1,,0,1130,2630,-1500,324,686811.0290,7466404.3879,686782.7537,7466081.5766,,,0,722,3,18,1869,18/03/1869
1067,lesbao pereira de araujo,manoel peregrino ferreira,felicio,123 r s pedro cidade nova,angra reis,30,0,1,1,1,0,,,0,0,0,0,0,0,,0,688,0,0,,685180.6807,7465766.6214,0.0000,0.0000,,angra reis,1,654,3,22,1869,22/03/1869
1069,jozina maria da silva,manoel ribeira da silva rangel,domingas,29 r senado,campos,22,1,1,1,0,1,,,0,0,0,0,0,0,,0,887,0,0,,686188.3827,7465370.9845,0.0000,0.0000,,campos,1,851,4,24,1869,24/04/1869
1071,jose da silveira frias,manoel rodrigues canto,maria,7 lg rio comprido,38 r rio comprido,40,1,0,0,0,0,,,0,0,0,0,0,1,,0,0,792,0,429,683865.8990,7463250.6277,683800.8707,7463674.7666,,,1,1014,2,23,1869,23/02/1869
1072,carolina sergio vellozo,manoel soares gomes,manoela,261 r hospicio,santa catharina,27,1,1,1,0,1,,,0,0,0,0,0,0,,0,1374,0,0,,686033.0163,7465768.5072,0.0000,0.0000,,santa catharina,1,826,2,24,1869,24/02/1869
1074,pompeo campo gran,maria benedicta,maria,24 r principe cajueiros,46 r principe,32,1,1,1,0,1,,,0,0,1,1,0,0,,0,1426,1426,0,98,685753.9381,7466310.6077,685673.3344,7466254.8036,,,0,810,3,12,1869,12/03/1869
1076,jose da costa e souza,maria izabel oliveira lisboa,viriato,50 r saude,6 caminho novo botafogo,40,0,1,1,0,1,,,0,0,0,1,0,0,,0,0,0,0,4151,685714.8161,7466714.1370,686897.7430,7462469.9413,,,0,958,5,13,1869,13/05/1869
1077,joao marques rodrigues,maria luisa tavares gomes,luiza,165 r formosa,64 r senhor passos,30,1,1,1,0,1,,,0,0,1,1,0,0,,0,593,623,-30,1054,685271.8383,7466041.3235,686322.8888,7465968.4283,,,0,717,3,13,1869,13/03/1869
1093,jose maria palhares,mathias jose de freitas arantes,patricio,56 r ouvidor,campos,30,0,1,1,0,1,,,0,0,0,0,0,0,,0,2388,0,0,,686971.1012,7466065.9531,0.0000,0.0000,,campos,1,977,3,15,1869,15/03/1869
1098,macario francisco,amalia augusta oliveira lisboa,maria,55 r princesa,6 caminho novo botafogo,19,1,1,1,0,0,,,1,0,0,1,0,0,,973,0,0,0,3818,685592.4191,7466301.1161,686897.7430,7462469.9413,,,0,973,3,23,1869,23/03/1869
1099,macario francisco,amalia augusta d'oliveira lisboa,lucia,55 r princesa,6 caminho novo botafogo,3,1,1,1,1,0,,,2,0,0,1,0,0,,973,0,0,0,3818,685592.4191,7466301.1161,686897.7430,7462469.9413,,,0,973,3,23,1869,23/03/1869
1100,macario francisco,amalia augusta d'oliveira lisboa,ainda por baptizar,55 r princesa,6 caminho novo botafogo,1,1,1,1,1,0,,,2,0,0,1,0,0,,973,0,0,0,3818,685592.4191,7466301.1161,686897.7430,7462469.9413,,,0,973,3,23,1869,23/03/1869
1102,manoel da cunha pinto macedo,miguel da rocha,generoza,270 r sabao,285 r s pedro,26,1,1,1,0,1,,,0,0,0,0,0,0,,0,687,687,0,43,686092.5607,7466011.0573,686067.6521,7466046.1150,,,0,838,3,3,1869,03/03/1869
1121,anna teixeira moreira e souza,andrade & rego,alexandrina,191 r hospicio,pernambuco,16,1,1,0,1,0,,,0,0,0,0,0,0,,0,924,0,0,,686288.3150,7465872.2874,0.0000,0.0000,,pernambuco,1,748,4,6,1869,06/04/1869
1122,joao baptista oliveira gama,angelo jose do espirito santo,christina,8 r lavradio,itaipu,20,1,1,1,0,1,,,0,0,0,0,0,0,,0,958,0,0,,686252.2823,7465518.8140,0.0000,0.0000,,itaipu,1,1052,4,26,1869,26/04/1869
1125,sr. joao baptista dos santos,nicolao jose dehaul,simao,90 r engenho velho,148 r ouvidor n a,36,0,0,0,0,1,,,0,0,0,0,0,1,,0,0,1587,0,3534,683404.5752,7464467.0984,686644.1814,7465878.7079,,,0,1088,2,17,1869,17/02/1869
1131,francisco jose da silva pimentel,antonio alves pacheco,benedita,61 r sabao,s goncalo,27,1,1,1,1,0,,,0,0,0,0,0,0,,0,2243,0,0,,686793.9316,7466229.3141,0.0000,0.0000,,s goncalo,1,999,3,12,1869,12/03/1869
1132,jose avelino da silva braga & cia,antonio alves pecanha,ildefonso,7 r s bento,macahe,25,0,1,1,0,1,,,0,0,0,0,0,0,,0,2182,0,0,,686743.7672,7466557.6968,0.0000,0.0000,,macahe,1,1019,3,24,1869,24/03/1869
1134,manoel martins de carvalho,antonio antunes fernandes,eufrasia,63 r hospicio,74 r hospicio,28,1,1,1,0,1,,,0,0,0,0,0,0,,0,2630,1851,779,14,686782.7537,7466081.5766,686783.8508,7466095.3149,,,0,1003,2,19,1869,19/02/1869
1135,figueredo & fraga,antonio antunes moreira,izabel,16 r ouvidor,1 b barbeiros,36,1,0,0,0,1,,,0,0,0,0,0,0,,0,2079,1802,277,129,687181.7399,7466188.2297,687129.5135,7466070.5449,,,1,711,4,1,1869,01/04/1869
1136,antonio joaquim de carvalho,antonio antunes moreira,maria grande,88 r direita,85 r engenho velho,40,1,0,0,0,1,,,0,0,0,0,0,1,,0,4627,808,3819,4480,686980.9858,7466435.4040,683062.8283,7464262.2291,,,0,1074,4,28,1869,28/04/1869
1139,leodorio dias guimaraes,antonio augusto coelho de souza,tertuliano,53 ld joao homem,32 r direita,28,0,1,1,0,1,,,0,0,0,0,0,0,,0,0,2304,0,767,686446.1142,7466588.8322,687083.8456,7466162.7257,,,0,961,2,15,1869,15/02/1869
1149,joao rodrigues machado,antonio da costa bacelete,joao,2 r guarda-velha,158 r saude,18,0,1,1,0,1,,servico domestico,0,0,0,0,0,0,,0,839,0,0,1988,686883.0351,7465605.9144,685435.2381,7466968.0510,,,1,764,4,20,1869,20/04/1869
1156,francisca lopes madeira,antonio silva torres,florinda,271 r s pedro,36 r copacabana escrava florinda,26,1,1,1,0,1,,,0,0,0,0,0,0,,0,786,0,0,3401,686107.5308,7466058.3630,686306.8258,7460706.4947,,,0,839,3,1,1869,01/03/1869
1157,jose tavano,antonio da silveira avilla,jose,27 r s lourenco,126 r imperatris,48,0,0,0,0,1,,,0,0,0,0,0,0,,0,1426,0,0,477,685730.7470,7466183.2785,685907.6216,7466626.1348,,,0,836,2,20,1869,20/02/1869
1166,manoel jose ferreira junior,antonio ferreira almeida,maria,35 r alfandega,bahia,25,1,1,0,1,0,,,0,0,0,0,0,0,,0,1851,0,0,,686883.7156,7466198.8269,0.0000,0.0000,,bahia,1,882,2,18,1869,18/02/1869
1169,jose azevedo maia,antonio francisco assis carneiro,alexandre,1 b carmo,21 r silva manoel,45,0,0,0,0,1,,,0,0,0,0,0,0,,0,1294,756,538,1765,687118.1933,7465923.0568,686030.7272,7464533.2873,,,0,455,3,27,1869,27/03/1869
1170,francisco da silva barros,antonio francisco correa cardoso,maria,23 r rosario,pernambuco,23,1,1,0,1,0,,,0,0,0,0,0,0,,0,2760,0,0,,687053.1246,7466165.9418,0.0000,0.0000,,pernambuco,1,797,3,27,1869,27/03/1869
1174,marianna da silva araujo,antonio francisco assis carneiro,felicia,105 pr botafogo,21 r silva manoel,26,1,1,1,0,1,,,0,0,0,0,0,0,,0,0,756,0,2059,686337.4490,7461303.9447,686030.7272,7464533.2873,,,0,615,5,4,1869,04/05/1869
1178,domingos vieira de almeida,antonio garcia victoria,januario,46 r violas,bahia,21,0,1,1,0,1,,,0,0,0,0,0,0,,0,1130,0,0,,686792.8479,7466385.7516,0.0000,0.0000,,bahia,1,941,4,2,1869,02/04/1869
1181,joaquim jose da motta,antonio gomes do rego,maria,32 r constituicao,39 r bella principe,36,1,0,0,0,1,,,0,0,0,0,0,0,,0,957,0,0,2303,686160.3298,7465645.3119,687263.2962,7463623.7458,,,0,870,3,27,1869,27/03/1869
1182,jose avelino da silva braga & cia,antonio goncalves borges,patricio,45 r s bento,minas,26,0,1,1,0,1,,,0,0,0,0,0,0,,0,1896,0,0,,686617.9953,7466627.9639,0.0000,0.0000,,minas,1,936,3,30,1869,30/03/1869
1183,guilherme salgado de almeida,antonio goncalves carvalho,felippe,nictheroy,156 r quitanda,9,0,1,1,0,0,,,0,0,0,0,0,0,,0,0,2679,0,,0.0000,0.0000,686835.4662,7466368.8893,nictheroy,,1,512,2,26,1869,26/02/1869
1184,honorio alfonse facan,antonio goncalves pereira guimaraes,thomazia,1 r assemblea,6 r lavradio,24,1,1,1,0,1,,,0,0,0,0,0,0,,0,1343,958,385,1055,687223.2241,7465932.8004,686249.4930,7465526.6326,,,0,578,5,5,1869,05/05/1869
1185,antonio gomes ribeiro de avellar,antonio gustavo silva junior,clemente,paty alferes,258 r s pedro,45,0,0,0,0,0,,,0,0,0,0,0,0,,0,0,836,0,,0.0000,0.0000,686161.0425,7466089.0347,paty alferes,,1,519,2,13,1869,13/02/1869
1189,antonio duarte diniz,antonio joaquim pereira braga,manoel,146 r saude,juis fora,26,0,1,1,0,1,,,0,0,0,0,0,0,,0,0,0,0,,685430.5973,7466988.9364,0.0000,0.0000,,juis fora,1,691,3,1,1869,01/03/1869
1190,joao antonio pinto de faria,antonio joaquim rodrigues da costa,theophila,136 r hospicio,bahia,22,1,0,0,0,1,,,0,0,0,0,0,0,,0,1211,0,0,,686640.4769,7466032.5977,0.0000,0.0000,,bahia,1,677,4,22,1869,22/04/1869
1191,arnaldo francisco da silva,antonio joaquim soares ribeiro,jose,23 r princesa,freguesia pilar,50,0,1,1,0,1,,,0,0,0,0,0,0,,0,0,0,0,,685709.7027,7466380.6882,0.0000,0.0000,,freguesia pilar,1,796,5,4,1869,04/05/1869
1196,francisco da cunha brandao,antonio jose de souza,deolinda,2 r rosario,portugal,18,1,1,1,1,0,,,0,0,0,0,0,0,,0,1145,0,0,,687222.3302,7466279.3265,0.0000,0.0000,,portugal,1,766,5,5,1869,05/05/1869
1197,joao ferreira de carvalho,antonio jose de souza mancaro,jose,37 r aurora,ilha grande,11,0,1,1,0,1,,,0,0,0,0,0,0,,0,0,0,0,,682686.1636,7467084.8100,0.0000,0.0000,,ilha grande,1,894,3,8,1869,08/03/1869
1198,joao ferreira de carvalho,antonio jose de souza mancaro,basilio,37 r aurora,ilha grande,7,0,1,1,0,1,,,0,0,0,0,0,0,,0,0,0,0,,682686.1636,7467084.8100,0.0000,0.0000,,ilha grande,1,894,3,8,1869,08/03/1869
1204,antonio fernandes da silva,antonio jose lourenco silva lobo,bernarda,124 r saude,6 pr saco alferes b,11,1,1,1,0,1,,,0,0,0,0,0,0,,0,0,0,0,925,685507.6512,7466805.8038,684613.0226,7466570.6077,,,0,656,4,20,1869,20/04/1869
1206,joaquim jose de souza imenes,antonio jose pedrozo,sophia,10 r mercado,17 r hospicio,15,1,1,1,1,0,,,0,0,0,0,0,0,,0,4948,2071,2877,219,687179.3691,7466220.2575,686968.7092,7466161.5082,,,0,594,3,23,1869,23/03/1869
1211,pompeo campo gran,antonio lourenco goncalves sousa,joao,24 r principe,56 r d manoel,40,0,0,0,0,1,,,0,0,0,0,0,0,,0,1426,958,468,1806,685753.9381,7466310.6077,687490.8270,7465814.6412,,,0,811,2,24,1869,24/02/1869
1217,januaria da silva da costa fragoso,antonio maria teixeira,carolina,97 r principe,63 r lavradio,33,1,0,0,0,1,,,0,0,0,0,0,0,,0,0,858,0,1304,685586.7487,7466182.7856,686400.1319,7465163.0395,,,0,1102,4,26,1869,26/04/1869
1218,antonio rio coelho,antonio marques ferreira,josepha,68 r principe,nictheroy,38,1,1,1,0,1,,,0,0,0,0,0,0,,0,0,0,0,,685629.9509,7466226.2599,0.0000,0.0000,,nictheroy,1,1009,4,26,1869,26/04/1869
1220,joaquim jose alves de mattos,antonio monsores oliveira,catharina,santa catharina,99 r principe cajueiros,13,1,1,1,0,1,,,0,0,0,0,0,1,,0,0,0,0,,0.0000,0.0000,685580.7617,7466178.7920,santa catharina,,1,558,3,2,1869,02/03/1869
1227,joaquina rosa oliveira,antonio ribeiro pacca,camillo,201 r hospicio,guaratyba,14,0,1,1,0,0,,,0,0,0,0,0,0,,0,875,0,0,,686256.5136,7465859.3194,0.0000,0.0000,,guaratyba,1,777,3,9,1869,09/03/1869
1229,domingos vieira de almeida,antonio rodrigues goncalves,emiliano,46 r violas,s goncalo,18,0,1,1,0,1,,,0,0,0,0,0,0,,0,1130,0,0,,686792.8479,7466385.7516,0.0000,0.0000,,s goncalo,1,942,3,12,1869,12/03/1869
1231,maria roza da silva,antonio thomaz de mendonca,potencianna,53 r fogo,nictheroy,17,1,1,0,1,0,,,0,0,0,0,0,0,,0,792,0,0,,686473.0182,7466061.6378,0.0000,0.0000,,nictheroy,1,967,3,4,1869,04/03/1869
1233,manoel ignacio oliveira costa,antonio xavier da silva leite junior,jose maria,15 r mercado,para,38,1,1,1,0,1,,,0,0,0,0,0,0,,0,1652,0,0,,687207.6982,7466155.0799,0.0000,0.0000,,para,1,695,3,9,1869,09/03/1869
1234,jose oliveira pereira,antonio firmo rodrigues monteiro,lourenca,freguesia espirito santo,75 r rosario,30,1,1,1,1,0,,,0,0,0,0,0,0,,0,0,2559,0,,0.0000,0.0000,686863.0296,7466061.7721,freguesia espirito santo,,1,483,2,19,1869,19/02/1869
1237,luiz manoel vaz,joaquim antonio araujo silva,pedro,96 r gloria,19 r marques abrantes,40,0,0,0,0,1,,,0,0,0,0,0,1,,0,615,0,0,1346,686974.8138,7464164.0326,687033.3946,7462200.8635,,,0,1098,3,23,1869,23/03/1869
1238,joao peixoto ferreira da fonseca,padre domingos manoel lopes amador,gertrudes,46 r america,52 r principe a,24,1,1,1,0,1,,,0,0,0,0,0,0,,0,411,0,0,875,684814.4773,7466037.6477,685663.9726,7466248.7193,,,0,937,4,19,1869,19/04/1869
1245,jose custodio nunes,pedro goncalves ferreira,theodora,108 pr botafogo,62 r s clemente,9,1,1,1,0,1,,,0,0,0,0,0,1,,0,0,0,0,0,686337.0519,7461276.7629,685707.4660,7461118.0094,,,0,628,4,28,1869,28/04/1869
1245,jose custodio nunes,pedro goncalves ferreira,theodora,108 pr botafogo,62 r s clemente,9,1,1,1,0,1,,,0,0,0,0,0,0,,0,0,0,0,0,686337.0519,7461276.7629,685707.4660,7461118.0094,,,0,628,4,28,1869,28/04/1869
1246,joaquim jose vieira,pedro goncalves telmo leite,antonia,2 lg machado,4 r hospicio a,14,1,1,1,1,0,,,0,0,0,0,0,1,,0,0,2455,0,3145,686833.4679,7463070.1982,687041.7371,7466208.3816,,,0,759,4,23,1869,23/04/1869
1250,miquelina roza de mendonca quintanilha,pedro leao vellozo,agripina,1 r espirito santo,bahia,18,1,1,1,1,0,,,0,0,0,0,0,0,,0,756,0,0,,686423.9275,7465595.8715,0.0000,0.0000,,bahia,1,580,5,5,1869,05/05/1869
1254,joaquim da rocha fragoso,pereira silva porto,bazilio,187 r ourives,44 r arcos,29,0,0,0,0,1,,,0,0,0,0,0,1,,0,1134,858,276,1241,686618.6789,7466306.4876,686518.9737,7465069.8766,,,0,739,3,10,1869,10/03/1869
1255,joao coelho martins junior,philipp graff,anna,8 r cotovello,1 ld seminario,30,1,1,1,0,1,,,0,0,0,0,0,0,,0,1161,681,480,579,687177.9026,7465837.2932,687050.6663,7465272.0652,,,0,1051,2,15,1869,15/02/1869
1261,carolina imenes andra,antonio jose pedroso,joanna,10 r mercado,17 r hospicio,50,1,1,1,1,0,,,0,0,0,0,0,0,,0,4948,2071,2877,219,687179.3691,7466220.2575,686968.7092,7466161.5082,,,0,593,2,13,1869,13/02/1869
1264,joaquim alves oliveira guimaraes,raphael da costa guimaraes,luis,130 r riachuelo,minas,17,0,1,1,0,1,,,0,0,0,0,0,0,,0,1127,0,0,,685886.1483,7464760.3868,0.0000,0.0000,,minas,1,456,3,30,1869,30/03/1869
1277,henrique messeder da rocha freir,rocha lopes & leite,cassiano,102 r senado,45 r carmo,35,0,1,1,0,1,,,0,0,0,0,0,0,,609,901,1905,-1004,1791,685493.8741,7465152.4845,687072.3362,7465998.0099,,,0,609,4,2,1869,02/04/1869
1278,henrique messeder da rocha freire,rocha lopes & leite,quintiliano,102 r senado,45 r carmo,66,0,0,0,0,1,,,0,0,0,0,0,0,,609,901,1905,-1004,1791,685493.8741,7465152.4845,687072.3362,7465998.0099,,,0,609,4,2,1869,02/04/1869
1279,joao falbon,rodrigo jose ferreira guimaraes,paulina,68 r violas,94 r rosario,22,1,1,1,0,1,,,0,0,0,0,0,1,,0,1130,2630,-1500,333,686731.6993,7466371.2178,686814.8477,7466048.8805,,,0,1010,3,23,1869,23/03/1869
1280,antonio dos reis,romualdo joaquim pedro alcantara,felizarda,218 r sabao,12 r conceicao,35,1,1,1,0,1,,,0,0,0,0,0,0,,0,786,909,-123,306,686226.1602,7466054.4646,686471.3804,7465870.7854,,,0,790,3,16,1869,16/03/1869
1281,januaria paulina gailhar,arthur hollanda costa freire,theodora,europa,35 r resende,18,1,1,1,0,1,,,0,0,0,0,0,0,,0,0,811,0,,0.0000,0.0000,686169.6613,7464991.2759,europa,,1,481,5,7,1869,07/05/1869
1290,antonio rodrigues de amorim,simao da silva reis,joao,38 r constituicao,ilha governador,45,0,1,1,0,1,,,0,0,0,0,0,0,,0,957,0,0,,686140.9763,7465641.7990,0.0000,0.0000,,ilha governador,1,900,5,5,1869,05/05/1869
1293,guimaraes & soares,souza & silva,macario,13 t comercio,para,28,0,1,1,0,1,,,0,0,0,0,0,0,,0,1939,0,0,,687171.2439,7466137.2945,0.0000,0.0000,,para,1,674,4,22,1869,22/04/1869
1295,manoel caetano dias  oliveira,teixeira guimaraes & cia,miguel,37 r s christovao,18 r candelaria,34,0,0,0,0,1,,,0,0,0,0,0,0,,0,567,3088,-2521,3213,684101.3290,7464850.4452,686945.1822,7466345.7551,,,0,897,3,4,1869,04/03/1869
1299,manoel machado araujo guimaraes,theodoro freitas marks,lino preto,9 lg misericordia,valenca,40,0,0,0,0,1,,,0,0,0,0,0,0,,0,975,0,0,,687678.9385,7465702.1609,0.0000,0.0000,,valenca,1,1076,3,24,1869,24/03/1869
1303,joaquim de carvalho pinto bastos,thomas jose araujo malheiros,felisberta,vassouras,169 r quitanda,24,1,0,0,0,1,,,0,0,0,0,0,1,,0,0,1130,0,,0.0000,0.0000,686811.0290,7466404.3879,vassouras,,1,574,2,20,1869,20/02/1869
1309,joaquim jose fulgencio e castro,augusto da cruz teixeira,anastacio,32 r constituicao,mage,8,0,1,1,1,0,,,0,0,0,0,0,0,,0,957,0,0,,686160.3298,7465645.3119,0.0000,0.0000,,mage,1,869,3,19,1869,19/03/1869
1313,carvalho bastos & mesquita,ureliano andrade monteiro,juliao,110 r conde d eu,s goncalo,33,0,1,1,0,1,,,0,0,0,0,0,0,,0,624,0,0,,685248.5349,7465160.1238,0.0000,0.0000,,s goncalo,1,634,5,7,1869,07/05/1869
1317,comendador luis tavares guerra,ureliano dias costa cabral,joao,1 r municipal,58 r larangeiras,21,0,1,1,0,1,,,0,0,0,0,0,1,,0,2182,0,0,3704,686693.3522,7466596.9038,686499.7358,7462897.7936,,,0,583,3,2,1869,02/03/1869
1318,joao da silva abreu,ureliano dias da costa cabral,basilio,77 r riachuelo,macahe,25,0,1,1,0,1,,,0,0,0,0,0,0,,0,794,0,0,,685300.3899,7465126.2113,0.0000,0.0000,,macahe,1,1035,3,10,1869,10/03/1869
1319,srs.costa moreira & almeida,ureliano furquim almeida,hermogenes,3 r catumby,15 r benedictinos,19,1,1,1,0,1,,,0,0,0,0,0,1,,0,655,1657,-1002,2446,685079.6698,7464617.5790,686572.3342,7466555.1763,,,0,854,3,22,1869,22/03/1869
1319,srs.costa moreira & almeida,ureliano furquim almeida,hermogenes,3 r catumby,15 r benedictinos,19,1,1,1,0,1,,,0,0,0,0,0,0,,0,655,1657,-1002,2446,685079.6698,7464617.5790,686572.3342,7466555.1763,,,0,854,3,22,1869,22/03/1869
1322,florisbella da silva pereira,vianna & guimaraes,victoria,19 s lourenco,bahia,26,1,1,1,0,1,,,0,0,0,1,0,0,,0,0,0,0,,685592.9569,7466450.6623,0.0000,0.0000,,bahia,1,746,3,18,1869,18/03/1869
1323,jose maria teixeira,vicente de souza moraes barbosa,rita,120 r senhor passos,jacarepagua,18,1,1,1,0,1,,,0,0,0,0,0,0,,0,648,0,0,,686149.1859,7465897.7953,0.0000,0.0000,,jacarepagua,1,650,4,30,1869,30/04/1869
1327,antonio rodrigues amorim,vicente jose pinto da fonseca,manoel,nictheroy,330 r hospicio,23,0,0,0,0,1,,,0,0,0,0,0,1,,0,0,697,0,,0.0000,0.0000,685991.5995,7465763.9575,nictheroy,,1,513,3,9,1869,09/03/1869
1329,manoel teixeira da monta,vigario norberto olympio fernandes da silva,roza,49 r bom jardim,campo grande,21,1,1,1,1,0,,,0,0,0,0,0,0,,0,605,0,0,,684776.6425,7465714.2364,0.0000,0.0000,,campo grande,1,946,3,5,1869,05/03/1869
1333,gaspar jose garcia,antonio goncalves macedo,maria antonia,109 pr saco alferes,14 r uniao,60,1,0,0,0,1,,,0,0,0,0,0,0,,0,0,0,0,109,684598.3434,7466543.9827,684653.6244,7466638.2220,,,0,629,4,2,1869,02/04/1869
1334,jose da motta passos,zeferino almeida pinto,bertholeza,31 r s jose,120 r cattete,28,1,1,1,0,1,,,0,0,0,0,0,0,,0,1121,0,0,2465,687150.9892,7465813.6557,686960.0913,7463356.2126,,,0,864,5,5,1869,05/05/1869
1335,justina maria de santa anna,seferino almeida pinto,francisco,inhauma,173 r cattete,45,0,1,1,0,1,,,0,0,0,0,1,0,,0,0,0,0,,0.0000,0.0000,686983.6196,7463428.2701,inhauma,,1,489,4,3,1869,03/04/1869
