Name,Company
Abbot~ Edwin H.,ATSF
Abell~ Peter T.,ATSF
Ames~ Oliver,ATSF
Anderson~ TJ.,ATSF
Bancroft~ W.H.,ATSF
Baring~ Thomas,ATSF
Barlow~ H.C.,ATSF
Blood~ Henry,ATSF
Borst~ W.W.,ATSF
Burr~ Isaac T.,ATSF
Chapin~ H.S.,ATSF
Chase~ D.J.,ATSF
Cheney~ Benjamin P.,ATSF
Clements~ H.C.,ATSF
Codman~ CR.,ATSF
Coolidge~ TJefferson,ATSF
Dickey~ Milton C.,ATSF
Fagan~ W.W.,ATSF
Faires~ H.V.,ATSF
Francis~William,ATSF
Gardner~ George A.,ATSF
Gilmore~ DS.,ATSF
Glasier~ A.A.,ATSF
Goddard~ JF.,ATSF
Goodwin~ George L.,ATSF
Hackney~ G.,ATSF
Haren~ E.,ATSF
Hargreaves~ George,ATSF
Harris~ George B.,ATSF
Harris~ Robert,ATSF
Holliday~ Cyrus K.,ATSF
Johnson~ AS.,ATSF
Kent~ Sidney A.,ATSF
Keyes~ Henry,ATSF
Lake~ G.B.,ATSF
Lakin~ DL.,ATSF
Leach Jr.~ F.,ATSF
Leeds~ Joseph,ATSF
Libbey~ William,ATSF
Lord~ Henry C.,ATSF
Magoun~ George C.,ATSF
Manchester~ George O.,ATSF
Manvel~ Allen,ATSF
Mason~ WPowell,ATSF
McCook~ John J.,ATSF
McCrary~ GeoW.,ATSF
Mellen~ W.S.,ATSF
Morse~ C.F.,ATSF
Nast~ William F.,ATSF
Nettleton~ G.G.,ATSF
Nickerson~ Albert W.,ATSF
Nickerson~ George A.,ATSF
Nickerson~ H.R.,ATSF
Nickerson~ Joseph,ATSF
Nickerson~ Thomas,ATSF
Opdyke~ Charles W.,ATSF
Opdyke~ George,ATSF
Paine~ Charles J.,ATSF
Parker~ F.L.,ATSF
Peabody~ FH.,ATSF
Peabody~ F.E.,ATSF
Peabody~ Oliver W.,ATSF
Peck~ George R.,ATSF
Peck~ J.F.,ATSF
Perley~ J.E.,ATSF
Peter~ T.J.,ATSF
Pierce~ Charles W.,ATSF
Pomeroy~ Samuel C.,ATSF
Purcell~ E.B.,ATSF
Rathbun~ C.M.,ATSF
Raymond~ E.,ATSF
Reinhart~ Joseph W.,ATSF
Rhodes~ D.H.,ATSF
Ripley~ Edward Payson,ATSF
Robinson~ A.A.,ATSF
Robinson~ D.B.,ATSF
Sand~ George L.,ATSF
Sargent~ M.L.,ATSF
Sawyer~ Warren,ATSF
Sealy~ George,ATSF
Seely~ T.J.,ATSF
Severy~ L.,ATSF
Shattuck~ George O.,ATSF
Sherlock~ Thomas,ATSF
Smith~ C.W,ATSF
Smith~ F.M.,ATSF
Speare~ Alden,ATSF
Springer~ J.D.,ATSF
Stringfellow~ BF.,ATSF
Strong~ Henry,ATSF
Strong~ William Barstow,ATSF
Thorndike~ SLothrop,ATSF
Touzalin~ A.E.,ATSF
Truslow~ J.L.,ATSF
Turner~ Alfred R.,ATSF
Twichell~ Ginery,ATSF
Upham~ Thomas,ATSF
Wade~ Levi C.,ATSF
Walker~ Aldace F.,ATSF
Walsh~ P.,ATSF
Wharton~ WF.,ATSF
Wheeler~ C.C.,ATSF
White~ William F.,ATSF
Whitehead~ John P.,ATSF
Wilbur~ George B.,ATSF
Wilder~ Edward,ATSF
Young~ AN.,ATSF
Young~ Erastus,ATSF
Abbot~ Edwin H.,AP
Adams~ E.D.,AP
Ames~ Oliver,AP
Bailey~ Ozias,AP
Baker~ James,AP
Baring~ Cecil,AP
Baring~ Thomas,AP
Baylis~ Charles S.,AP
Bergen~ C.J.,AP
Billings~ Frederick,AP
Blickensderfer~ J.,AP
Buckley~ Thomas T.,AP
Buckley~ William F.,AP
Burr~ C.C.,AP
Burr~ Isaac T.,AP
Butterfield~ Frederick W.,AP
Cassidy~ T.E.,AP
Cheney~ Benjamin P.,AP
Coffin~ William H.,AP
Coolidge~ TJefferson,AP
Crocker~ Uriel,AP
Cummings~ S.W.,AP
Curtis~ George S.,AP
Deane~ A.L.,AP
Dearborn~ J.L.,AP
Dennis~ Alfred L.,AP
Dennison~ William C.,AP
Dickinson~ A.W.,AP
Douglas~ A.,AP
Doyle~ F.,AP
Drake~ W.A.,AP
Dun~ James,AP
Elwell~ J.W.,AP
Fish~ James D.,AP
Fisk~ Clinton B.,AP
Ford~ E.A.,AP
Francklyn~ C.G.,AP
Frost~ W.L.,AP
Gallup~ D.L.,AP
Gardiner~ H.W.,AP
Garrison~ D.R.,AP
Garwood~ W.D.,AP
Gould~ Jay,AP
Gray~ Bryce,AP
Graydon~ Alex,AP
Griswold~ W.D.,AP
Hancock~ F.E.,AP
Hanna~ James,AP
Harris~ Robert,AP
Hayes~ Francis B.,AP
Hayes~ William A.,AP
Hays~ Samuel,AP
Hewitt~ John,AP
Hill~ Joseph A.,AP
Huntington~ C.P.,AP
Jacobus~ L.A.,AP
Kearney~ M.,AP
Kingman~ Lewis,AP
Libbey~ William,AP
Littlefield~ Calvin,AP
Littlefield~ F.C.,AP
Littlefield~ W.H.,AP
Lord~ George C.,AP
Lyman~ S.,AP
Magoun~ George C.,AP
Manvel~ Allen,AP
McCook~ John J.,AP
Morrill~ Charles I.,AP
Nichols~ D.H.,AP
Nickerson~ A.M.,AP
Nickerson~ Albert W.,AP
Nickerson~ Thomas,AP
Nutt~ H.C.,AP
Paine~ Charles J.,AP
Pardee~ E.H.,AP
Patriarch~ W.H.,AP
Peck~ George R.,AP
Peck~ R.M.,AP
Peirce~ Andrew~ Jr.,AP
Porter~ Horace,AP
Post~ J.B.,AP
Randolph~ F.F.,AP
Randolph~ S.F.,AP
Reinhart~ Joseph W.,AP
Reynolds~ S.W.,AP
Rich~ Isaac,AP
Ristine~ G.W.,AP
Robinson~ A.A.,AP
Robinson~ D.B.,AP
Robinson~ James P.,AP
Rogers~ C.W.,AP
Saloman~ David,AP
Sawyer~ Warren,AP
Schaeffer~ John,AP
Scott~ Thomas A.,AP
Seely~ S.M.,AP
Seligman~ Jesse,AP
Seligman~ Joseph,AP
Shattuck~ G.O.,AP
Sibley~ D.B.,AP
Sleeper~ Jacob,AP
Smith~ C.W.,AP
Smith~ F.W.,AP
Speare~ Alden,AP
Springer~ J.D.,AP
Stockwell~ Alden B.,AP
Stone~ George F.,AP
Stout~ Andrew V.,AP
Strong~ William Barstow,AP
Talmage~ A.A.,AP
Thomas~ J.E.,AP
Thoms~ W.A.,AP
Thomson~ JEdgar,AP
Tooker~ James,AP
Touzalin~ A.E.,AP
Tuck~ Amos,AP
Tuckerman~ C.S.,AP
Verhaven~ H.F.,AP
Wade~ Levi C.,AP
Way~ J.W.,AP
Wentz~ E.L.,AP
West~ W.H.,AP
White~ C.L.,AP
Wilbur~ George B.,AP
Williamson~ J.A.,AP
Winslow~ E.F.,AP
Wishart~ D.,AP
Ames~ J.W.,BM
Beckwith~ W.,BM
Brooks~ John W.,BM
Brown~ E.C.,BM
Burnham~ John A.,BM
Chalender~ George,BM
Corning~ Erastus,BM
Daily~ B.F.,BM
Denison~ John N.,BM
Forbes~ John Murray,BM
Hardy~ Alpheus,BM
Joy~ James F.,BM
Lawrence~ Abbott,BM
Lowell~ P.,BM
Mallory~ S.H.,BM
Morse~ C.F.,BM
Perkins~ Charles Elliott,BM
Strong~ William Barstow,BM
Thayer~ Nathaniel,BM
Touzalin~ A.E.,BM
Tuckerman~ Lucius,BM
Watson~ Robert S.,BM
Woodman~ Cyrus,BM
Christiansen~ John,BMRR
Corning~ Erastus,BMRR
Cowles~ W.D.,BMRR
Daily~ B.F.,BMRR
Denison~ John N.,BMRR
Doane~ T.,BMRR
Dorman~ C.D.,BMRR
Endicott~ William~ Jr.,BMRR
Forbes~ John Murray,BMRR
Hardy~ Alpheus,BMRR
Ames~ J.W.,BMRR
Hardy~ Stephen,BMRR
Hargreaves~ George,BMRR
Harris~ George S.,BMRR
Hawksworth~ D.,BMRR
Holdrege~ George W.,BMRR
Irving~ William,BMRR
Joy~ James F.,BMRR
Lawrence~ Abbott,BMRR
Lowell~ P.,BMRR
Mallory~ S.H.,BMRR
Bartlett~ Sidney,BMRR
Manchester~ G.O.,BMRR
Morse~ C.F.,BMRR
Parkman~ Henry,BMRR
Perkins~ Charles Elliott,BMRR
Strong~ William Barstow,BMRR
Taylor~ J.G.,BMRR
Thayer~ Nathaniel,BMRR
Touzalin~ A.E.,BMRR
Touzalin~ S.E.,BMRR
Tuckerman~ Lucius,BMRR
Beckwith~ W.,BMRR
Tyson~ George,BMRR
Watson~ Robert S.,BMRR
Woodman~ Cyrus,BMRR
Brooks~ John W.,BMRR
Brown~ E.C.,BMRR
Brown~ William C.,BMRR
Burnham~ John A.,BMRR
Chalender~ George,BMRR
Allen~ B.F.,CNW
Ames~ Frederick L.,CNW
Barger~ Samuel F.,CNW
Barlow~ H.C.,CNW
Baylis~ Abraham B.,CNW
Blair~ John I.,CNW
Bloodgood~ John,CNW
Booth~ L.F.,CNW
Burke~ John Murray,CNW
Campbell~ W.,CNW
Carpenter~ J.H.,CNW
Cook~ B.C.,CNW
Courtright~ Milton,CNW
Crabtree~ John D.,CNW
DePew~ Chauncey Mitchell,CNW
Dillon~ Sidney,CNW
Dows~ David,CNW
Dulman~ Anthony G.,CNW
Eddy~ Charles G.,CNW
Fairbanks~ Horace,CNW
Fairbanks~ N.K.,CNW
Fargo~ James C.,CNW
Ferry~ William H.,CNW
Flower~ R.P,CNW
Gault~ John C.,CNW
Goodwin~ George P.,CNW
Gould~ Jay,CNW
Hair~ R.S.,CNW
Hallenback~ Peter,CNW
Hamer~ R.W.,CNW
Hartwell~ W.S.,CNW
Howe~ James H.,CNW
Howe~ S.O.,CNW
Hughitt Jr.~ Marvin,CNW
Hughitt~ Marvin,CNW
Johnson~ E.H.,CNW
Jones~ David,CNW
Keep~ Albert,CNW
Kendall~ D.,CNW
Kennedy~ Harvey,CNW
Kimball~ David P.,CNW
Kirkman~ M.M.,CNW
Knapp~ C.H.,CNW
Laying~ J.D.,CNW
Linsley~ W.B.,CNW
Luce~ F.M.,CNW
Marvin~ Charles R.,CNW
McCullough~ H.R.,CNW
Mellen~ W.S.,CNW
Mills~ D.O.,CNW
Mills~ Samuel M.,CNW
Morgan~ D.P.,CNW
Newman~ William H.,CNW
Oliver~ J.S.,CNW
Osborne~ Charles J.,CNW
Phillips~ N.A.,CNW
Porter~ Henry H.,CNW
Pritchard~ Albert L.,CNW
Pyne~ Percy R.,CNW
Redfield~ J.B.,CNW
Richards~ R.C.,CNW
Sanborn~ Sherburne,CNW
Schell~ Augustus,CNW
Scott~ George S.,CNW
Scott~ William L.,CNW
Seymour~ S.M.,CNW
Simmons~ Charles E.,CNW
Smith~ Byron L.,CNW
Stager~ Anson,CNW
Stanwood~ H.P.,CNW
Stennett~ W.H.,CNW
Sykes~ M.L.~ Jr.,CNW
Ten Have Frzn~ J.L.,CNW
Thayer~ G.H.,CNW
Thrall~ W.A.,CNW
Tilton~ G.W.,CNW
Tows~ Francis H.,CNW
Tracy~ John F.,CNW
Twombly~ Hamilton McKown,CNW
Van Bergen~ W.F.,CNW
Vanderbilt~ F.W.,CNW
Vanderbilt~ W.K.,CNW
Wheeler~ C.C.,CNW
Whitman~ John M.,CNW
Wicker~ H.C.,CNW
Williams~ Horace,CNW
Work~ Frank,CNW
Beaumont~ F.B.,CBN
Cochrane~ Alexander,CBN
Coolidge~ TJefferson,CBN
Forbes~ John Murray,CBN
Gardner~ George P.,CBN
Gardner~ John L.,CBN
Griswold~ John N.A.,CBN
Hargreaves~ George,CBN
Harris~ George B.,CBN
Hemenway~ Augustus,CBN
Higginson~ Francis L.,CBN
Hinckley~ N.B.,CBN
Hunnewell~ Francis W.,CBN
Ladd~ W.J.,CBN
Mason~ WPowell,CBN
Olney~ Richard,CBN
Paine~ Charles J.,CBN
Peasley~ James C.,CBN
Perkins~ Charles Elliot,CBN
Perkins~ Edward C.,CBN
Stone~ Nathaniel H.,CBN
Touzalin~ A.E.,CBN
Young~ Charles L.,CBN
Alexander~ George,CBQ
Amory~ W.A.,CBQ
Baldwin~ W.W.,CBQ
Bangs~ Edward,CBQ
Bartlett~ Sidney,CBQ
Beam~ P.G.,CBQ
Bean~ J.Q.A.,CBQ
Besler~ J.D.,CBQ
Brooks~ John W.,CBQ
Brown~ E.C.,CBQ
Burnham~ John A.,CBQ
Cameron~ J.S.,CBQ
Carper~ L.,CBQ
Chappell~ C.H.,CBQ
Clapp~ Channing,CBQ
Clark~ J.T.,CBQ
Colton~ Chauncey S.,CBQ
Coolidge~ TJefferson,CBQ
Corning~ Erastus,CBQ
Crumpton~ W.N.,CBQ
Cunningham~ C.,CBQ
Dana~ N.J.T.,CBQ
Denison~ John N.,CBQ
Dexter~ Wirt,CBQ
Dyer~ J.,CBQ
Endicott~ William~ Jr.,CBQ
Forbes~ John Murray,CBQ
Forsyth~ A.,CBQ
Gardner~ John L.,CBQ
Gardner~ John L.~ Jr.,CBQ
Geddes~ Peter,CBQ
Green~ John C.,CBQ
Griswold~ John NA.,CBQ
Hall~ Amos T.,CBQ
Harris~ George B.,CBQ
Harris~ George S.,CBQ
Harris~ Robert,CBQ
Higgins~ H.I.,CBQ
Higginson~ C.M.,CBQ
Hitchcock~ H.,CBQ
Hjortsberg~ Max,CBQ
Hobart~ A.A.,CBQ
Holdrege~ George W.,CBQ
Hooper~ Edward W.,CBQ
Howland~ Thomas S.,CBQ
Hoyt~ E.W.,CBQ
Hudson~ C.H.,CBQ
Hunnewell~ Francis W.,CBQ
Hunnewell~ HH.,CBQ
Irving~ William,CBQ
Joy~ James F.,CBQ
Juariet~ C.F.,CBQ
Ladd~ W.J.,CBQ
Lathrop~ J.L.,CBQ
Ledyard~ H.B.,CBQ
Lowell~ P.,CBQ
McClure~ R.J.,CBQ
McCredie~ William,CBQ
McKay~ T.D.,CBQ
Morgan~ J.F.,CBQ
Munson~ N.D.,CBQ
Olney~ Richard,CBQ
Paine~ Charles J.,CBQ
Peasley~ James C.,CBQ
Perkins~ Charles Elliott,CBQ
Perkins~ W.C.,CBQ
Potter~ Thomas J.,CBQ
Powell~ Samuel,CBQ
Pratt~ E.E.,CBQ
Quincy~ TJefferson,CBQ
Rhodes~ G.W.,CBQ
Rice~ F.C.,CBQ
Ripley~ Edward Payson,CBQ
Rockwell~ E.C.,CBQ
Rotch~ William J.,CBQ
Russell~ Henry S.,CBQ
Sanborn~ W.D.,CBQ
Sibley~ D.B.,CBQ
Smith~ C.W.,CBQ
Smith~ George C.,CBQ
Smith~ James H.,CBQ
Squire~ E.G.,CBQ
Stanwood~ A.G.,CBQ
Starring~ M.B.,CBQ
Stewart~ O.E.,CBQ
Stone~ Henry B.,CBQ
Strong~ William Barstow,CBQ
Swords~ E.J.,CBQ
Thayer~ Nathaniel,CBQ
Touzalin~ A.E.,CBQ
Tubbs~ F.H.,CBQ
Tyson~ George,CBQ
Wade~ K.H.,CBQ
Wadsworth~ E.R.,CBQ
Walker~ J.G.,CBQ
Walker~ James M.,CBQ
Walker~ M.B.,CBQ
Watson~ Robert S.,CBQ
Weiss~ H.W.,CBQ
Wilcox~ W.W.,CBQ
Wilson~ W.,CBQ
Wood~ James R,CBQ
Ames~ Frederick L.,MC
Ames~ Oliver,MC
Auza~ Miguel,MC
Barlow~ H.C.,MC
Berriozabel~ Felipe B.,MC
Briggs~ R.E.,MC
Browne~ Charles A.,MC
Burdette~ A.S.,MC
Burl~ W.,MC
Burr~ Isaac T.,MC
Camacho~ Sebastian,MC
Cheney~ Benjamin P.~ Jr.,MC
Cheney~ Benjamin P.,MC
Converse~ Edmund W,MC
de Zamacona e' Ynclan~ M.,MC
Edwards~ Jacob,MC
Fink~ Rudolph,MC
Frost~ W.A.,MC
Garner~ J.H.,MC
Goodspeed~ J.H.,MC
Guzman~ Ramon G.,MC
Harmer~ H.T.,MC
Harmer~ J.T.,MC
Harris~ J.P.,MC
Hinckley~ Howard,MC
Howard~ F.W.,MC
Hunt~ D.B.,MC
Jackson~ Edward W.,MC
Johnstone~ F.W.,MC
Kingman~ Lewis,MC
Landa~ Pablo,MC
Lawrie~ A.B.,MC
Leiter~ Levi Z.,MC
Lonergan~ F.,MC
Mackenzie~ D.,MC
McIntyre~ F.P.,MC
Morrison~ Frank,MC
Morse~ ERollins,MC
Morse~ E.E.,MC
Nichols~ Foster,MC
Nickerson~ Albert W.,MC
Nickerson~ Theo.,MC
Nickerson~ Thomas,MC
Paine~ Charles J.,MC
Parker~ F.L.,MC
Pulsifier~ R.M.,MC
Reynolds~ S.W.,MC
Richardson~ Joseph,MC
Robinson~ A.A.,MC
Robinson~ D.B.,MC
Rotch~ William J.,MC
Rubio~ Enrique M.,MC
Sawyer~ Warren,MC
Sewall~ Arthur,MC
Speare~ Alden,MC
Symon~ Robert R.,MC
Thompson~ G.M.,MC
Wade~ Levi C.,MC
White~ Joseph H.,MC
Whorf~ Edward H.,MC
Wilbur~ George B.,MC
Ames~ Frederick L.,MP
Ames~ Oliver,MP
Anderson~ W.J.,MP
Andrews~ W.P.,MP
Arnold~ William,MP
Baby~ F.R.,MP
Bailey~ Ozias,MP
Bartlett~ L.,MP
Baylis~ Charles S.,MP
Beach~ John H.,MP
Bergen~ C.J.,MP
Billings~ A.M.,MP
Billings~ Frederick,MP
Blickensderfer~ J.,MP
Bridge~ Hudson E.,MP
Brock~ D.,MP
Brown~ Joseph C.,MP
Brown~ Joseph C.,MP
Buckley~ Thomas T.,MP
Buckley~ William F.,MP
Bullard~ Miller,MP
Calef~ A.N.,MP
Chambers~ B.M.,MP
Chandler~ Frank,MP
Chapman~ N.C.,MP
Chappell~ C.H.,MP
Charlton~ J.L.G.,MP
Chouteau~ Charles P.,MP
Clark~ H.G.,MP
Clark~ S.H.H.,MP
Coffin~ William H.,MP
Crocker~ Uriel,MP
Cumming~ Warder,MP
Curtis~ George S.,MP
Deane~ A.L.,MP
Dearborn~ J.L.,MP
Dennis~ Alfred L.,MP
Dickinson~ A.W.,MP
Dillon~ Sidney,MP
Doddridge~ W.B.,MP
Eckert~ Thomas T.,MP
Eddy~ T.M.,MP
Edgar~ T.B.,MP
Elwell~ J.W.,MP
Fagan~ W.W.,MP
Ferguson~ D.K.,MP
Fish~ James D.,MP
Fisk~ Clinton B.,MP
Fitzgerald~ Louis,MP
Ford~ E.A.,MP
Forrest~ George J.,MP
Fowler~ F.E.,MP
Frink~ S.,MP
Garrison~ C.K.,MP
Garrison~ D.R.,MP
Garrison~ Oliver,MP
Garrison~ W.R.,MP
Gerau~ George L.,MP
Gibbs~ E.B.,MP
Gould~ Abram,MP
Gould~ Edwin,MP
Gould~ George J.,MP
Gould~ Howard,MP
Gould~ Jay,MP
Greeley~ Carlos S.,MP
Hager~ A.M.,MP
Hale~ H.,MP
Hammond~ C.W.,MP
Hansen~ J.,MP
Hayes~ Francis B.,MP
Hayes~ R.S.,MP
Hayes~ William A.,MP
Heafford~ George H.,MP
Hewitt~ John,MP
Hill~ James A.,MP
Hodges~ John,MP
Hopkins~ A.L.,MP
Hoxie~ H.M.,MP
Keller~ L.L.,MP
Kennedy~ J.P.,MP
Kerrigan~ William,MP
King~ J.W.,MP
Kinnan~ C.B.,MP
Leighton~ George E.,MP
Lewis~ W.O,MP
Lowery~ Joseph S,MP
Lowrey~ Joseph L.,MP
Lyle~ R.B.,MP
Mangam~ D.R.,MP
Marquand~ H.G.,MP
McLaughlin~ H.,MP
Mead~ C.W.,MP
Moore~ John G.,MP
Morrill~ Charles I.,MP
Munn~ John P.,MP
Newman~ W.H.,MP
Nutting~ L.H.,MP
Olds~ George,MP
Parmly~ D.D.,MP
Patriarch~ W.H.,MP
Peck~ R.M.,MP
Peirce~ Andrew~ Jr.,MP
Portis~ T.J.,MP
Potter~ John C.,MP
Ranken Jr.~ D,MP
Rockwell~ P.,MP
Sage~ Russell,MP
Saloman~ David,MP
Samuel~ W.M.,MP
Sargent~ M.L.,MP
Schaeffer~ John,MP
Scott~ Thomas A.,MP
Seligman~ Joseph,MP
Selsby~ E.K.,MP
Sibley~ E.K.,MP
Sleeper~ Jacob,MP
Sloan~ Samuel,MP
Smith~ D.S.H,MP
Smith~ George C.,MP
Smith~ L.T.,MP
Starring~ Henry,MP
Stephens~ Joseph L.,MP
Stiles~ E.R.,MP
Stockwell~ Alden B.,MP
Stone~ George F.,MP
Stout~ Andrew V.,MP
Talmage~ A.A.,MP
Taussig~ John T.,MP
Thomson~ JEdgar,MP
Townsend~ H.C.,MP
Tuck~ Amos,MP
Verhaven~ H.F.,MP
Warner~ C.G.,MP
Way~ J.W.,MP
Wentz~ E.L.,MP
White~ C.L.,MP
Abbot~ Edwin H.,NP
Ainsworth~ J.C.,NP
Alexander~ W.S.,NP
Ames~ J.H.,NP
Anderson~ Adna,NP
Anderson~ Isaac W.,NP
Ashurst~ Richard L.,NP
Barker~ J.A.,NP
Barnes~ G.K.,NP
Barney~ Ashbel H.,NP
Barney~ Charles T.,NP
Baxter~ George S.,NP
Beaman~ Charles C.,NP
Beebe~ G.E.,NP
Belknap~ Robert Lenox,NP
Belmont~ August,NP
Billings~ Frederick,NP
Brookman~ John U.,NP
Buckley~ J.M.,NP
Bull~ William L.,NP
Bullitt~ John C.,NP
Canfield~ Thomas H.,NP
Cass~ George W.,NP
Catlin~ Albert H.,NP
Cheney~ Benjamin P.,NP
Colby~ Charles L.,NP
Cushing~ G.W.,NP
Denison~ J.N.,NP
Dilworth~ Joseph,NP
Earl~ George H.,NP
Ellis~ John W.,NP
Fargo~ James C.,NP
Fargo~ William G.,NP
Farrar~ A.P.,NP
Fee~ C.S.,NP
Felton~ Samuel M.,NP
Ferguson~ Walton,NP
Gray~ George,NP
Haggin~ James B.,NP
Hall~ John H.,NP
Hallowell~ Norwood P.,NP
Hannaford~ J.M.,NP
Harding~ JHorace,NP
Harris~ Robert,NP
Hartley~ Marcellus,NP
Haupt~ Herman,NP
Holmes~ Artemas H.,NP
Howard~ William A.,NP
Hoyt~ Colgate,NP
Hutchinson~ J.N.,NP
Ives~ Brayton,NP
Johnson~ E.F.,NP
Johnston~ Henry E.,NP
Jones~ George S.,NP
Kendrick~ J.W.,NP
Lamborn~ Charles B.,NP
Leland~ Charles H.,NP
Lewis~ E.M.,NP
Linsley~ D.C.,NP
Livingston~ Johnston,NP
Mackay~ Donald,NP
McCulloch~ Hugh,NP
Mead~ C.W.,NP
Mellen~ W.S.,NP
Mitchell~ Alexander,NP
Moorhead~ J.K.,NP
Moorhead~ William G.,NP
Morgan~ John Pierpont,NP
Morrison~ Dorillus,NP
Morrison~ George Austin,NP
Newport~ R.M.,NP
Oakes~ Thomas F.,NP
Odell~ J.T.,NP
Ogden~ William B.,NP
Potts~ Joseph D.,NP
Power~ J.B.,NP
Prescott~ C.H.,NP
Pritchard~ Albert L.,NP
Rice~ Richard D.,NP
Roberts~ WMilnor,NP
Rolston~ Roswell Graves,NP
Rutten~ August,NP
Sanborn~ G.G.,NP
Sanders~ Wilbur F.,NP
Sargent~ H.E.,NP
Schulze~ Paul,NP
Smith~ Elijah,NP
Smith~ JFrailey,NP
Smith~ JGregory,NP
Smith~ Winthrop,NP
Sprague~ J.H.,NP
Stackpole~ J.L.,NP
Stark~ George,NP
Stinson~ James,NP
Sullivan~ John A.,NP
Swayne~ J.W.,NP
Thomas~ Anthony J.,NP
Tilton~ Alfred E.,NP
Tower~ Charlemagne,NP
Towne~ H.A.,NP
Towne~ N.A.,NP
Trevor~ John B.,NP
Villard~ Henry,NP
Wegg~ David S.,NP
Wemyss~ R.J.,NP
Wilkeson~ Samuel,NP
Williams~ E.T.,NP
Williams~ James B.,NP
Windom~ William,NP
Wright~ Charles B.,NP
Adams~ Charles Francis,UP
Adams~ Charles Francis~ Jr.,UP
Alley~ John B.,UP
Ames~ Oliver~ Jr.,UP
Ames~ Fred L.,UP
Ames~ Frederick L.,UP
Ames~ Oakes,UP
Ames~ Oliver,UP
Atkins~ Edwin F.,UP
Atkins~ Elisha,UP
Baker~ Ezra H.,UP
Banker~ James H.,UP
Bardwell~ Josiah,UP
Bartlett~ Sidney,UP
Bates~ Benjamin E.,UP
Belmont~ August,UP
Blair~ John I.,UP
Blinkensderfer~ J.,UP
Blinkensderfer~ R.,UP
Bowdoin~ George S.,UP
Brinkerhoff~ J.O.,UP
Bromley~ Isaac H.,UP
Brooks~ James,UP
Brown~ Frank D.,UP
Burnham~ Leavitt,UP
Burns~ J.J.,UP
Bushnell~ CS.,UP
Calef~ A.N.,UP
Callaway~ SR.,UP
Cammack~ Addison,UP
Carnegie~ Andrew,UP
Carr~ Samuel~ Jr.,UP
Chapman~ Oliver S.,UP
Cisco~ John J.,UP
Clark~ A.D.,UP
Clark~ Horace F.,UP
Clark~ J.T.,UP
Clark~ LC.,UP
Clark~ Pickering,UP
Clark~ S.H.H.,UP
Congdon~ I.H.,UP
Congdon~ J.C.,UP
Cook~ Ebenezer,UP
Cook~ Henry H.,UP
Crane~ Henry C.,UP
Davis~ George TM.,UP
Davis~ O.F.,UP
Davis~ W.P.,UP
Dennison~ William C.,UP
Dexter~ FGordon,UP
Dickenson~ E.,UP
Dickey~ J.J.,UP
Dillon~ John F.,UP
Dillon~ Sidney,UP
Dix~ John A.,UP
Doddridge~ W.B.,UP
Dodge~ Grenville M.,UP
Dorrance~ O.H.,UP
Dows~ David,UP
Duff~ John,UP
Dunham~ EW,UP
Durant~ Thomas C.,UP
Earle~ O.H.,UP
Eckert~ Thomas T.,UP
Egbert~ A.A.,UP
Endicott~ William~ Jr.,UP
Filmore~ L.,UP
Gannett~ Joseph W.,UP
Garrison~ Cornelius K.,UP
Gibson~ ETH.,UP
Gilman~ S.J.,UP
Gilmore~ S.J.,UP
Glidden~ William T.,UP
Goble~ M.H.,UP
Gould~ George J,UP
Gould~ Jay,UP
Greeley~ Carlos S.,UP
Green~ Andrew H.,UP
Griswold~ George,UP
Ham~ James M.,UP
Hanna~ Marcus A,UP
Harris~ James G.,UP
Hazard~ Rowland G.,UP
Henry~ John E.,UP
Hinckley~ Howard,UP
Holcomb~ William H.,UP
Hoyt~ Colgate,UP
Hughitt~ Marvin,UP
Humphreys~ Solon,UP
Hyde~ Henry B.,UP
Jerome~ AG.,UP
Keene~ Jame R.,UP
Kimball~ Thomas L.,UP
Knowland~ F.,UP
Kountze~ Augustus,UP
Lane~ E.,UP
Lane~ Gardiner M.,UP
Lanier~ JTD.,UP
Law~ Robert,UP
Lombard~ Charles A.,UP
Loveland~ WAH,UP
Low~ Abiel,UP
Macy~ William H.,UP
McAllaster~ B.A.,UP
McComb~ Henry S.,UP
McCormick~ CH.,UP
McFarland~ Henry,UP
Millar~ Alexander,UP
Millard~ Joseph H.,UP
Mills~ Samuel M.,UP
Mink~ Oliver W.,UP
Mora~ J.W.,UP
Morse~ J.W.,UP
Morton~ Levi P.,UP
Nichols~ P.J.,UP
Nichols~ S.J.,UP
Nickerson~ Frederick,UP
Ogden~ William B.,UP
Opdyke~ George,UP
Orr~ Alexander E.,UP
Osborne~ Charles J.,UP
Peabody~ SEndicott,UP
Ponieroy~ SC.,UP
Poor~ Henry Y.,UP
Poppleton~ A.J.,UP
Porter~ Henry H.,UP
Potter~ Thomas J.,UP
Pruyn~ J.Y.L.,UP
Pullman~ George M.,UP
Richardson~ Joseph,UP
Riddle~ Hugh,UP
Ripley~ Sidney Dillon,UP
Riter~ W.W.,UP
Robbins~ Royal E.,UP
Rollins~ E.H.,UP
Rosekrans~ EH.,UP
Rumrill~ James A.,UP
Sage~ Russell,UP
Schell~ Augustus,UP
Scott~ George S.,UP
Scott~ Thomas A.,UP
Scott~ William L.,UP
Scranton~ Joseph H.,UP
Shankland~ S.T.,UP
Sharp~ John,UP
Shelby~ P.P.,UP
Shelton~ N.,UP
Sickles~ T.E.,UP
Smith~ JD.,UP
Smith~ James I.,UP
Smith~ S.T.,UP
Spaulding~ John P.,UP
Spaulding~ Mahlon D.,UP
Stebbins~ C.S.,UP
Stephens~ G.E.,UP
Thayer~ Nathaniel,UP
Thomson~ JEdgar,UP
Thompson~ W.C.,UP
Tracy~ John F.,UP
Traynor~ A.,UP
Tuttle~ Charles,UP
Usher~ J.P,UP
Vining~ E.P,UP
Wilbur~ H.B.,UP
Worcester~ H.J.,UP
Young~ Brigham,UP
Young~ Erastus,UP
